SMILES;y;ID
c1cc(N2CCCN(c3ccc(C4=NCCCN4)cc3)CC2)ccc1C1=NCCCN1;4500.0;0
c1cc(N2CCN(c3ccc(C4=NCCCN4)cc3)CC2)ccc1C1=NCCCN1;3000.0;1
c1cc(OCCCCCOc2cccc(-c3nc4ccccc4[nH]3)c2)cc(-c2nc3ccccc3[nH]2)c1;5200.0;2
c1ccc2[nH]c(-c3ccc(OCCCCCOc4ccc(-c5nc6ccccc6[nH]5)cc4)cc3)nc2c1;54100.0;3
c1ccc2[nH]c(-c3ccc(OCCCOc4ccc(-c5nc6ccccc6[nH]5)cc4)cc3)nc2c1;10200.0;4
CC[C@H](C)[C@@H](N)C(=O)N1CC(=O)N(CCCC(C)Nc2cc(OC)cc3cccnc23)C1(C)C;9800.0;5
CC[C@H](C)[C@@H](N)C(=O)N1CC(=O)N(CCCC(C)Nc2cc(OC)cc3cccnc23)C1(C)C;16000.0;6
CC[C@H](C)[C@@H](N)C(=O)N1CC(=O)N(CCCC(C)Nc2cc(OC)cc3cccnc23)C1(C)C;27500.0;7
CC1=C(C)C(=O)O[C@@H]([C@@](C)(O)[C@H]2CC[C@H]3[C@@H]4C[C@H]5O[C@@]56[C@H](C(=O)C=C[C@@H]6O)[C@H]4C[C@@H](O)[C@]23C)C1;2000.0;8
CC1=C(C)C(O)O[C@@H]([C@](C)(O)C2CC[C@H]3[C@@H]4C[C@H]5O[C@]56[C@@H](O)C=CC(=O)[C@]6(C)[C@H]4CC[C@]23C)C1;270.0;9
Cc1cc(C(=N)N)cc(C)c1OCCN(CCOc1c(C)cc(C(=N)N)cc1C)S(=O)(=O)c1ccccc1.Cl.Cl;1519.0;10
Cc1cc(C(=N)N)cc(C)c1OCCOCCOc1c(C)cc(C(=N)N)cc1C.Cl.Cl;175.0;11
CCCC/N=C(/N)c1ccc(N2CCN(c3ccc(/C(N)=N\CCCC)cc3)CC2)cc1;91.0;12
CCCCCNC(=N)c1ccc(CN2CCN(Cc3ccc(C(=N)NCCCCC)cc3)CC2)cc1.Cl.Cl.Cl.Cl;41.0;13
CCCCNC(=N)c1ccc(CN2CCN(Cc3ccc(C(=N)NCCCC)cc3)CC2)cc1.Cl.Cl.Cl.Cl;83.0;14
CCCCNC(=N)c1ccc(N2CCCN(c3ccc(C(=N)NCCCC)cc3)CC2)cc1;357.0;15
CCCNC(=N)c1ccc(CN2CCN(Cc3ccc(C(=N)NCCC)cc3)CC2)cc1.Cl.Cl.Cl.Cl;1685.0;16
Cl.Cl.c1cc(C2=NCCN2)ccc1SCCOCCSc1ccc(C2=NCCN2)cc1;10.0;17
Cl.Cl.Cl.Cl.N=C(N)c1ccc(CN2CCN(Cc3ccc(C(=N)N)cc3)CC2)cc1;109.0;18
Cl.Cl.Cl.Cl.N=C(N)c1ccc(OCCOCCOc2ccc(C(=N)N)cc2N)c(N)c1;11.0;19
Cl.Cl.N=C(N)c1ccc(C(=O)NCCCCCCNC(=O)c2ccc(C(=N)N)cc2)cc1;9150.0;20
Cl.Cl.N=C(N)c1ccc(C(=O)NCCCCCNC(=O)c2ccc(C(=N)N)cc2)cc1;14330.0;21
Cl.Cl.N=C(N)c1ccc(C(=O)NCCCCNC(=O)c2ccc(C(=N)N)cc2)cc1;3580.0;22
Cl.Cl.N=C(N)c1ccc(C(=O)NCCCNC(=O)c2ccc(C(=N)N)cc2)cc1;2990.0;23
Cl.Cl.N=C(N)c1ccc(NC(=O)COCC(=O)Nc2ccc(C(=N)N)cc2)cc1;146.0;24
Cl.Cl.N=C(N)c1ccc(NC(=O)CSCC(=O)Nc2ccc(C(=N)N)cc2)cc1;568.0;25
Cl.Cl.N=C(N)c1ccc(NCCOCCNc2ccc(C(=N)N)cc2)cc1;1110.0;26
Cl.Cl.N=C(N)c1ccc(NCCOCCNc2ccc(C(=N)N)cc2[N+](=O)[O-])c([N+](=O)[O-])c1;62.0;27
Cl.Cl.N=C(N)c1ccc(OCCN(CCOc2ccc(C(=N)N)cc2)S(=O)(=O)c2ccccc2)cc1;1330.0;28
Cl.Cl.N=C(N)c1ccc(OCCOCCOc2ccc(C(=N)N)cc2)cc1;2130.0;29
Cl.Cl.N=C(N)c1ccc(OCCOCCOc2ccc(C(=N)N)cc2[N+](=O)[O-])c([N+](=O)[O-])c1;14.0;30
Cl.Cl.N=C(N)c1ccc(OCCSCCOc2ccc(C(=N)N)cc2)cc1;1180.0;31
CN(C(=O)CCC(=O)N(C)c1ccc(C(=N)N)cc1)c1ccc(C(=N)N)cc1.Cl.Cl;76.0;32
CN(C(=O)CCCC(=O)N(C)c1ccc(C(=N)N)cc1)c1ccc(C(=N)N)cc1.Cl.Cl;303.0;33
CN(C(=O)CCCCC(=O)N(C)c1ccc(C(=N)N)cc1)c1ccc(C(=N)N)cc1.Cl.Cl;12.0;34
CN(CCCCCN(C)c1ccc(C(=N)N)cc1)c1ccc(C(=N)N)cc1.Cl.Cl;1990.0;35
CN(CCOc1ccc(C(=N)N)cc1)CCOc1ccc(C(=N)N)cc1.Cl.Cl;1730.0;36
COc1cc(C(=N)N)cc(Br)c1OCCCCCOc1c(Br)cc(C(=N)N)cc1OC.Cl.Cl;36.0;37
COc1cc(C(=N)N)cc(OC)c1OCCCCCOc1c(OC)cc(C(=N)N)cc1OC.Cl.Cl;3000.0;38
COc1cc(C(=N)N)cc(OC)c1OCCN(C)CCOc1c(OC)cc(C(=N)N)cc1OC.Cl.Cl;6260.0;39
COc1cc(C(=N)N)cc(OC)c1OCCN(CCOc1c(OC)cc(C(=N)N)cc1OC)S(=O)(=O)c1ccc(N)cc1.Cl.Cl;4160.0;40
COc1cc(C(=N)N)cc(OC)c1OCCN(CCOc1c(OC)cc(C(=N)N)cc1OC)S(=O)(=O)c1ccccc1.Cl.Cl;4400.0;41
COc1cc(C(=N)N)cc(OC)c1OCCOCCOc1c(OC)cc(C(=N)N)cc1OC.Cl.Cl;12990.0;42
COc1cc(C(=N)N)ccc1OCCN(C)CCOc1ccc(C(=N)N)cc1OC.Cl.Cl;3410.0;43
COc1cc(C(=N)N)ccc1OCCN(CCOc1ccc(C(=N)N)cc1OC)S(=O)(=O)c1ccc(NC(C)=O)cc1.Cl.Cl;3710.0;44
COc1cc(C(=N)N)ccc1OCCN(CCOc1ccc(C(=N)N)cc1OC)S(=O)(=O)c1ccccc1.Cl.Cl;2660.0;45
COc1cc(C(=N)N)ccc1OCCOCCOc1ccc(C(=N)N)cc1OC.Cl.Cl;4210.0;46
COc1cc(NC(C)CCCN)c2ncccc2c1;2500.0;47
COc1cc(NC(C)CCCN)c2ncccc2c1;3500.0;48
COc1cc(NC(C)CCCN)c2ncccc2c1;8500.0;49
COc1cc(NC(C)CCCN)c2ncccc2c1;18100.0;50
COc1cc(NC(C)CCCN2C(=O)[C@@H](C)N(C(=O)CN)C2(C)C)c2ncccc2c1;52200.0;51
COc1cc(NC(C)CCCN2C(=O)[C@@H](C)N(C(=O)CN)C2(C)C)c2ncccc2c1;75400.0;52
COc1cc(NC(C)CCCN2C(=O)[C@H](C(C)C)NC2(C)C)c2ncccc2c1;40000.0;53
COc1cc(NC(C)CCCN2C(=O)[C@H](C(C)C)NC23CCCC3)c2ncccc2c1;23000.0;54
COc1cc(NC(C)CCCN2C(=O)[C@H](C(C)C)NC23CCCCC3)c2ncccc2c1;26000.0;55
COc1cc(NC(C)CCCN2C(=O)[C@H](C(C)C)NC23CCCCCC3)c2ncccc2c1;6000.0;56
COc1cc(NC(C)CCCN2C(=O)[C@H](C)NC23CCC(C)CC3)c2ncccc2c1;23000.0;57
COc1cc(NC(C)CCCN2C(=O)[C@H](C)NC23CCCCCC3)c2ncccc2c1;1900.0;58
COc1cc(NC(C)CCCN2C(=O)[C@H](CC(C)C)NC23CCCCCC3)c2ncccc2c1;4100.0;59
COc1cc(NC(C)CCCN2C(=O)[C@H](Cc3ccccc3)NC2(C)C)c2ncccc2c1;32000.0;60
COc1cc(NC(C)CCCN2C(=O)[C@H](Cc3ccccc3)NC23CCCC3)c2ncccc2c1;12000.0;61
COc1cc(NC(C)CCCN2C(=O)C(Cc3ccccc3)NC2c2ccccc2C)c2ncccc2c1;13000.0;62
COc1cc(NC(C)CCCN2C(=O)C(Cc3ccccc3)NC2c2ccccc2C)c2ncccc2c1;21000.0;63
COc1cc(NC(C)CCCN2C(=O)CN(C(=O)[C@@H](C)N)C2(C)C)c2ncccc2c1;8400.0;64
COc1cc(NC(C)CCCN2C(=O)CN(C(=O)[C@@H](C)N)C2(C)C)c2ncccc2c1;18700.0;65
COc1cc(NC(C)CCCN2C(=O)CN(C(=O)[C@@H](C)N)C2(C)C)c2ncccc2c1;39600.0;66
COc1cc(NC(C)CCCN2C(=O)CN(C(=O)[C@H](N)C(C)C)C2(C)C)c2ncccc2c1;13600.0;67
COc1cc(NC(C)CCCN2C(=O)CN(C(=O)[C@H](N)C(C)C)C2(C)C)c2ncccc2c1;20200.0;68
COc1cc(NC(C)CCCN2C(=O)CN(C(=O)[C@H](N)C(C)C)C2(C)C)c2ncccc2c1;54300.0;69
COc1cc(NC(C)CCCN2C(=O)CN(C(=O)[C@H](N)CC(C)C)C2(C)C)c2ncccc2c1;10900.0;70
COc1cc(NC(C)CCCN2C(=O)CN(C(=O)[C@H](N)CC(C)C)C2(C)C)c2ncccc2c1;17900.0;71
COc1cc(NC(C)CCCN2C(=O)CN(C(=O)[C@H](N)CC(C)C)C2(C)C)c2ncccc2c1;31100.0;72
COc1cc(NC(C)CCCN2C(=O)CN(C(=O)[C@H](N)Cc3ccccc3)C2(C)C)c2ncccc2c1;10100.0;73
COc1cc(NC(C)CCCN2C(=O)CN(C(=O)[C@H](N)Cc3ccccc3)C2(C)C)c2ncccc2c1;18500.0;74
COc1cc(NC(C)CCCN2C(=O)CN(C(=O)[C@H](N)Cc3ccccc3)C2(C)C)c2ncccc2c1;24000.0;75
COc1cc(NC(C)CCCN2C(=O)CN(C(=O)[C@H](N)CCSC)C2(C)C)c2ncccc2c1;7000.0;76
COc1cc(NC(C)CCCN2C(=O)CN(C(=O)[C@H](N)CCSC)C2(C)C)c2ncccc2c1;13100.0;77
COc1cc(NC(C)CCCN2C(=O)CN(C(=O)[C@H](N)CCSC)C2(C)C)c2ncccc2c1;23800.0;78
COc1cc(NC(C)CCCN2C(=O)CN(C(=O)CN)C2(C)C)c2ncccc2c1;28100.0;79
COc1cc(NC(C)CCCN2C(=O)CN(C(=O)CN)C2(C)C)c2ncccc2c1;37500.0;80
COc1cc(NC(C)CCCN2C(=O)CN(C(=O)CN)C2(C)C)c2ncccc2c1;43800.0;81
COc1cc(NC(C)CCCN2C(=O)CN(C(C)=O)C2(C)C)c2ncccc2c1;36700.0;82
COc1cc(NC(C)CCCN2C(=O)CNC2(C)C)c2ncccc2c1;23000.0;83
COc1cc(NC(C)CCCN2C(=O)CNC23CCCCC3)c2ncccc2c1;43000.0;84
N=C(N)c1ccc(COc2ccccc2OCc2ccc(C(=N)N)cc2)cc1;1300.0;85
N=C(N)c1ccc(COc2ccccc2OCc2ccc(C(=N)N)cc2)cc1;1700.0;86
N=C(N)c1ccc(N2CCCN(c3ccc(C(=N)N)cc3)CC2)cc1;2000.0;87
N=C(N)c1ccc(N2CCN(c3ccc(C(=N)N)cc3)CC2)cc1;2600.0;88
N=C(N)c1ccc(NC(=O)[C@H]2C[C@H]2C(=O)Nc2ccc(C(=N)N)cc2)cc1;5300.0;89
N=C(N)c1ccc(NC(=O)c2ccc(C(=O)Nc3ccc(C(=N)N)cc3)cc2)cc1;22800.0;90
N=C(N)c1ccc(NC(=O)c2ccc(C(=O)Nc3ccc(C(=N)N)cc3)cc2)cc1;22800.0;91
N=C(N)c1ccc(NC(=O)c2cccc(C(=O)Nc3ccc(C(=N)N)cc3)c2)cc1;1200.0;92
N=C(N)c1ccc(NC(=O)c2cccc(C(=O)Nc3ccc(C(=N)N)cc3)c2)cc1;1200.0;93
N=C(N)c1ccc(NC(=O)CCC(=O)Nc2ccc(C(=N)N)cc2)cc1;442.0;94
N=C(N)c1ccc(NC(=O)CCCC(=O)Nc2ccc(C(=N)N)cc2)cc1;0.3;95
N=C(N)c1ccc(NC(=O)CCCC(=O)Nc2ccc(C(=N)N)cc2)cc1;3.0;96
N=C(N)c1ccc(NC(=O)CCCC(=O)Nc2ccc(C(=N)N)cc2)cc1;3.0;97
N=C(N)c1ccc(NC(=O)CCCCC(=O)Nc2ccc(C(=N)N)cc2)cc1;2.0;98
N=C(N)c1ccc(NC(=O)CCCCC(=O)Nc2ccc(C(=N)N)cc2)cc1;2.0;99
N=C(N)c1ccc(NC(=O)CCCCC(=O)Nc2ccc(C(=N)N)cc2)cc1;2.0;100
N=C(N)c1ccc(NC(=O)CCCCC(=O)Nc2cccc(C(=N)N)c2)cc1;2270.0;101
N=C(N)c1ccc(NC(=O)CCCCCC(=O)Nc2ccc(C(=N)N)cc2)cc1;2370.0;102
N=C(N)c1ccc(NC(=O)CCCCCCC(=O)Nc2ccc(C(=N)N)cc2)cc1;1950.0;103
N=C(N)c1ccc(NC(=O)CCCCCCCC(=O)Nc2ccc(C(=N)N)cc2)cc1;2440.0;104
N=C(N)c1ccc(NC(=O)CCCCCCCCC(=O)Nc2ccc(C(=N)N)cc2)cc1;4280.0;105
N=C(N)c1ccc(NC(=O)CCCCCCCCCCC(=O)Nc2ccc(C(=N)N)cc2)cc1;3070.0;106
N=C(N)c1ccc(OC(=O)c2ccc(C(=O)Oc3ccc(C(=N)N)cc3)cc2)cc1;13400.0;107
N=C(N)c1ccc(OC(=O)c2ccc(C(=O)Oc3ccc(C(=N)N)cc3)cc2)cc1;13400.0;108
N=C(N)c1ccc(OCC2=CC=CC(COc3ccc(C(=N)N)cc3)C2)cc1;2600.0;109
N=C(N)c1ccc(OCc2ccc(COc3ccc(C(=N)N)cc3)cc2)cc1;1300.0;110
N=C(N)c1ccc(OCc2cccc(COc3ccc(C(=N)N)cc3)c2)cc1;2600.0;111
N=C(N)c1ccc(OCc2ccccc2COc2ccc(C(=N)N)cc2)cc1;1400.0;112
N=C(N)c1ccc(OCCCCCOc2ccc(C(=N)N)cc2)cc1;84.0;113
N=C(N)c1ccc(OCCCCCOc2ccc(C(=N)N)cc2)cc1;500.0;114
N=C(N)c1ccc(OCCCCCOc2ccc(C(=N)N)cc2)cc1;500.0;115
N=C(N)c1ccc(OCCCCCOc2ccc(C(=N)N)cc2)cc1;500.0;116
N=C(N)c1ccc(OCCCCCOc2ccc(C(=N)N)cc2)cc1;500.0;117
N=C(N)c1ccc(OCCCCCOc2ccc(C(=N)N)cc2)cc1;500.0;118
N=C(N)c1cccc(NC(=O)CCCCC(=O)Nc2cccc(C(=N)N)c2)c1;33700.0;119
N=C(NC1CC1)c1ccc(N2CCCN(c3ccc(C(=N)NC4CC4)cc3)CC2)cc1;1400.0;120
N=C(NC1CC1)c1ccc(N2CCN(c3ccc(C(=N)NC4CC4)cc3)CC2)cc1;5400.0;121
