feature;importance;normalized_importance;cumulative_importance
SLogP;31.400000000000002;0.0294918756457218;0.0294918756457218
Mor13m;17.6;0.01653047806893961;0.04602235371466141
PMI1;12.899999999999999;0.01211608903916596;0.05813844275382737
RDF060m;10.7;0.01004977928054851;0.06818822203437588
AATS7i;9.9;0.009298393913778529;0.07748661594815441
GATS2c;9.200000000000001;0.008640931717854796;0.0861275476660092
PEOE_VSA7;9.1;0.008547008547008546;0.09467455621301775
L2e;8.8;0.008265239034469804;0.10293979524748756
AATS2i;8.0;0.007513853667699821;0.11045364891518739
ATS0d;7.8999999999999995;0.007419930496853573;0.11787357941204096
ATSC5se;7.6;0.0071381609843148295;0.1250117403963558
SLogP_VSA5;6.800000000000001;0.0063867756175448485;0.13139851601390065
R8s;6.5;0.006105006105006105;0.13750352211890676
SaasC;6.199999999999999;0.005823236592467361;0.14332675871137412
RNCS;6.1000000000000005;0.0057293134216211145;0.14905607213299524
Mor08s;5.700000000000001;0.005353620738236124;0.15440969287123135
Mor29v;5.6000000000000005;0.005259697567389875;0.15966939043862122
ww;5.5;0.0051657743965436275;0.16483516483516483
Mor25m;5.300000000000001;0.004977928054851132;0.16981309289001598
ATSC7i;5.2;0.004884004884004884;0.17469709777402087
ATSC8s;5.2;0.004884004884004884;0.17958110265802577
R1s+;5.1000000000000005;0.004790081713158636;0.1843711843711844
AATSC1i;4.9;0.0046022353714661405;0.18897341974265056
H-046;4.8999999999999995;0.00460223537146614;0.1935756551141167
ATSC1v;4.800000000000001;0.0045083122006198935;0.1980839673147366
NPR2;4.8;0.004508312200619893;0.2025922795153565
H6s;4.799999999999999;0.004508312200619892;0.2071005917159764
MAXDN;4.7;0.004414389029773645;0.21151498074575004
Dm;4.699999999999999;0.004414389029773644;0.21592936977552368
AATS3i;4.6000000000000005;0.004320465858927398;0.22024983563445108
AATS5i;4.6;0.004320465858927397;0.22457030149337848
HATS2u;4.5;0.004226542688081149;0.22879684418145962
Mor32u;4.4;0.004132619517234902;0.23292946369869452
ATSC5s;4.4;0.004132619517234902;0.23706208321592942
TDB06v;4.4;0.004132619517234902;0.24119470273316432
Mor28m;4.3;0.0040386963463886535;0.24523339907955297
PNSA1;4.1000000000000005;0.0038508500046961587;0.24908424908424912
O-057;4.1;0.0038508500046961582;0.2529350990889453
GATS6Z;4.1;0.0038508500046961582;0.25678594909364144
HATS0u;4.0;0.0037569268338499104;0.26054287592749137
PEOE_VSA6;3.9999999999999996;0.0037569268338499104;0.2642998027613413
MATS2c;3.9999999999999996;0.0037569268338499104;0.2680567295951912
ATSC6dv;3.999999999999999;0.00375692683384991;0.27181365642904115
H4m;3.9000000000000004;0.003663003663003663;0.2754766600920448
R7v;3.9000000000000004;0.003663003663003663;0.27913966375504845
BELi0;3.8000000000000003;0.003569080492157415;0.2827087442472059
PEOE_VSA9;3.7;0.0034751573213111673;0.28618390156851703
InertialShapeFactor;3.7;0.0034751573213111673;0.2896590588898282
ATSC5dv;3.5;0.0032873109796186717;0.29294636986944683
JGI10;3.5;0.0032873109796186717;0.2962336808490655
GATS7Z;3.5;0.0032873109796186717;0.29952099182868414
JGI9;3.5;0.0032873109796186717;0.3028083028083028
PPSA3;3.4000000000000004;0.0031933878087724243;0.3060016906170752
D/Dr10;3.3000000000000003;0.0030994646379261764;0.30910115525500137
ATS0dv;3.2;0.0030055414670799286;0.3121066967220813
Mor16m;3.2;0.0030055414670799286;0.31511223818916123
L1m;3.1999999999999997;0.003005541467079928;0.31811777965624116
R8v;3.1000000000000005;0.002911618296233681;0.32102939795247487
JGI7;3.1;0.0029116182962336807;0.3239410162487085
MATS3s;3.1;0.0029116182962336807;0.3268526345449422
GATS7c;3.1;0.0029116182962336807;0.32976425284117583
Mor07m;3.1;0.0029116182962336807;0.3326758711374095
R3s+;3.0999999999999996;0.0029116182962336803;0.33558748943364314
Mor11s;3.0000000000000004;0.0028176951253874333;0.33840518455903057
RDF030m;3.0;0.002817695125387433;0.341222879684418
H1v;3.0;0.002817695125387433;0.34404057480980543
GATS4s;3.0;0.002817695125387433;0.34685826993519286
ATSC3i;2.9999999999999996;0.0028176951253874325;0.3496759650605803
EEig03d;2.9000000000000004;0.0027237719545411855;0.3523997370151215
Mor22m;2.9000000000000004;0.0027237719545411855;0.3551235089696627
L2v;2.9000000000000004;0.0027237719545411855;0.3578472809242039
HATSp;2.9000000000000004;0.0027237719545411855;0.36057105287874514
PEOE_VSA10;2.9000000000000004;0.0027237719545411855;0.36329482483328635
JGI6;2.9;0.002723771954541185;0.36601859678782755
GATS4dv;2.9;0.002723771954541185;0.36874236874236876
Mor15s;2.8000000000000007;0.002629848783694938;0.3713722175260637
H5m;2.8000000000000003;0.0026298487836949377;0.37400206630975863
ATS0Z;2.8000000000000003;0.0026298487836949377;0.37663191509345356
IC2;2.8000000000000003;0.0026298487836949377;0.3792617638771485
EState_VSA2;2.8000000000000003;0.0026298487836949377;0.3818916126608434
ATSC7p;2.8000000000000003;0.0026298487836949377;0.38452146144453836
R8e+;2.8000000000000003;0.0026298487836949377;0.3871513102282333
R2m;2.8;0.0026298487836949372;0.3897811590119282
AATSC3i;2.7;0.00253592561284869;0.39231708462477693
Mor09v;2.6999999999999997;0.0025359256128486894;0.39485301023762565
Mor26s;2.6000000000000005;0.0024420024420024424;0.3972950126796281
AATS0s;2.6000000000000005;0.0024420024420024424;0.3997370151216305
R4s;2.6000000000000005;0.0024420024420024424;0.40217901756363295
Mor24u;2.6;0.002442002442002442;0.4046210200056354
AATS8se;2.6;0.002442002442002442;0.4070630224476378
AATS4i;2.6;0.002442002442002442;0.40950502488964025
Mor18m;2.6;0.002442002442002442;0.4119470273316427
SIC2;2.6;0.002442002442002442;0.4143890297736451
P2e;2.6;0.002442002442002442;0.41683103221564755
RPCS;2.6;0.002442002442002442;0.41927303465765
C-025;2.6;0.002442002442002442;0.4217150370996524
GATS2s;2.5000000000000004;0.0023480792711561946;0.4240631163708086
ATSC3s;2.5000000000000004;0.0023480792711561946;0.42641119564196484
Mor05s;2.5;0.002348079271156194;0.42875927491312105
ATSC1p;2.5;0.002348079271156194;0.43110735418427726
MATS1s;2.5;0.002348079271156194;0.43345543345543347
nAllOx;2.5;0.002348079271156194;0.4358035127265897
Mor13s;2.5;0.002348079271156194;0.4381515919977459
SIC3;2.5;0.002348079271156194;0.4404996712689021
Vu;2.5;0.002348079271156194;0.4428477505400583
Mor32m;2.5;0.002348079271156194;0.4451958298112145
Mor29s;2.5;0.002348079271156194;0.44754390908237074
AATS1i;2.4000000000000004;0.0022541561003099468;0.4497980651826807
Mor11m;2.4000000000000004;0.0022541561003099468;0.4520522212829906
R5m;2.4000000000000004;0.0022541561003099468;0.45430637738330054
AATS8s;2.4000000000000004;0.0022541561003099468;0.4565605334836105
R2s+;2.4000000000000004;0.0022541561003099468;0.4588146895839204
E3p;2.4;0.0022541561003099463;0.46106884568423034
Jhetv;2.4;0.0022541561003099463;0.4633230017845403
AATS0i;2.4;0.0022541561003099463;0.4655771578848502
R4u+;2.4;0.0022541561003099463;0.46783131398516015
Mor18u;2.3999999999999995;0.002254156100309946;0.4700854700854701
Mor28v;2.3000000000000003;0.002160232929463699;0.4722457030149338
Mor10s;2.3000000000000003;0.002160232929463699;0.4744059359443975
ATSC7v;2.3000000000000003;0.002160232929463699;0.4765661688738612
FPSA3;2.3000000000000003;0.002160232929463699;0.47872640180332493
ATSC8c;2.3000000000000003;0.002160232929463699;0.48088663473278864
IC1;2.3000000000000003;0.002160232929463699;0.48304686766225235
AATS5s;2.3000000000000003;0.002160232929463699;0.48520710059171607
Mor15m;2.3000000000000003;0.002160232929463699;0.4873673335211798
H2s;2.3;0.0021602329294636985;0.4895275664506435
RDF020m;2.3;0.0021602329294636985;0.4916877993801072
R5s;2.2000000000000006;0.0020663097586174515;0.49375410913872464
Mor09u;2.2;0.002066309758617451;0.4958204188973421
HATS4v;2.2;0.002066309758617451;0.4978867286559595
Mor25s;2.2;0.002066309758617451;0.49995303841457694
ATSC2Z;2.2;0.002066309758617451;0.5020193481731944
ATSC4v;2.2;0.002066309758617451;0.5040856579318118
R3v;2.2;0.002066309758617451;0.5061519676904292
L2m;2.2;0.002066309758617451;0.5082182774490467
ATSC6i;2.1999999999999997;0.0020663097586174507;0.5102845872076641
PEOE_VSA8;2.1999999999999997;0.0020663097586174507;0.5123508969662816
AATSC1s;2.1000000000000005;0.0019723865877712037;0.5143232835540528
R8m;2.1;0.0019723865877712033;0.516295670141824
Mor16s;2.1;0.0019723865877712033;0.5182680567295952
Mor28s;2.1;0.0019723865877712033;0.5202404433173664
TDB07v;2.1;0.0019723865877712033;0.5222128299051376
GATS1s;2.1;0.0019723865877712033;0.5241852164929088
SdssC;2.1;0.0019723865877712033;0.52615760308068
TASA;2.1;0.0019723865877712033;0.5281299896684513
H0s;2.0000000000000004;0.0018784634169249556;0.5300084530853763
Mor12s;2.0000000000000004;0.0018784634169249556;0.5318869165023012
nR_3_True_False_None_False;2.0;0.0018784634169249552;0.5337653799192262
H3m;2.0;0.0018784634169249552;0.5356438433361512
Mor32s;2.0;0.0018784634169249552;0.5375223067530762
TDB07u;2.0;0.0018784634169249552;0.5394007701700012
GATS3s;2.0;0.0018784634169249552;0.5412792335869262
Mor19u;2.0;0.0018784634169249552;0.5431576970038512
R8s+;2.0;0.0018784634169249552;0.5450361604207762
GATS4se;1.9999999999999998;0.0018784634169249552;0.5469146238377012
L3i;1.9000000000000004;0.0017845402460787078;0.5486991640837798
GATS1c;1.9000000000000004;0.0017845402460787078;0.5504837043298585
ATSC6s;1.9000000000000004;0.0017845402460787078;0.5522682445759372
E3s;1.9000000000000004;0.0017845402460787078;0.5540527848220158
AATSC1c;1.9000000000000001;0.0017845402460787076;0.5558373250680945
Wap;1.9000000000000001;0.0017845402460787076;0.5576218653141731
Mor04v;1.9000000000000001;0.0017845402460787076;0.5594064055602518
VSA_EState4;1.9000000000000001;0.0017845402460787076;0.5611909458063304
AATSC4i;1.9000000000000001;0.0017845402460787076;0.5629754860524091
AATS5d;1.9000000000000001;0.0017845402460787076;0.5647600262984878
R2v;1.9000000000000001;0.0017845402460787076;0.5665445665445664
R3s;1.9;0.0017845402460787074;0.5683291067906451
R6s;1.8000000000000003;0.00169061707523246;0.5700197238658775
GATS6c;1.8000000000000003;0.00169061707523246;0.57171034094111
AATSC5v;1.8000000000000003;0.00169061707523246;0.5734009580163424
GATS3c;1.8000000000000003;0.00169061707523246;0.5750915750915748
ATSC4d;1.8;0.0016906170752324597;0.5767821921668073
Mor31s;1.8;0.0016906170752324597;0.5784728092420397
Mor16u;1.8;0.0016906170752324597;0.5801634263172721
R3u+;1.8;0.0016906170752324597;0.5818540433925046
JGI8;1.8;0.0016906170752324597;0.583544660467737
GATS2Z;1.8;0.0016906170752324597;0.5852352775429694
EState_VSA3;1.8;0.0016906170752324597;0.5869258946182019
Mor03s;1.8;0.0016906170752324597;0.5886165116934343
NPR1;1.7999999999999998;0.0016906170752324595;0.5903071287686668
AATSC8dv;1.7999999999999998;0.0016906170752324595;0.5919977458438992
AATSC8p;1.7999999999999998;0.0016906170752324595;0.5936883629191316
P1u;1.7000000000000004;0.0015966939043862123;0.5952850568235178
ATSC3d;1.7000000000000002;0.0015966939043862121;0.5968817507279041
Mor24v;1.7000000000000002;0.0015966939043862121;0.5984784446322903
TDB07s;1.7000000000000002;0.0015966939043862121;0.6000751385366765
Mor30v;1.7000000000000002;0.0015966939043862121;0.6016718324410627
AATSC0d;1.7000000000000002;0.0015966939043862121;0.6032685263454489
Mor26m;1.7000000000000002;0.0015966939043862121;0.6048652202498351
HATS8s;1.7000000000000002;0.0015966939043862121;0.6064619141542213
ATSC1i;1.7000000000000002;0.0015966939043862121;0.6080586080586076
ATSC4c;1.7000000000000002;0.0015966939043862121;0.6096553019629938
ATSC2v;1.7000000000000002;0.0015966939043862121;0.61125199586738
RBF;1.7000000000000002;0.0015966939043862121;0.6128486897717662
Mor27u;1.7;0.001596693904386212;0.6144453836761524
L1u;1.7;0.001596693904386212;0.6160420775805386
VSA_EState5;1.7;0.001596693904386212;0.6176387714849249
R6m;1.7;0.001596693904386212;0.6192354653893111
TDB08u;1.7;0.001596693904386212;0.6208321592936973
ATSC1s;1.7;0.001596693904386212;0.6224288531980835
MATS1c;1.6999999999999997;0.0015966939043862117;0.6240255471024697
TDB08s;1.6000000000000003;0.0015027707335399645;0.6255283178360097
Mor06m;1.6000000000000003;0.0015027707335399645;0.6270310885695497
GATS3i;1.6000000000000003;0.0015027707335399645;0.6285338593030897
Mor06v;1.6;0.0015027707335399643;0.6300366300366297
AATSC4se;1.6;0.0015027707335399643;0.6315394007701697
Mor30m;1.6;0.0015027707335399643;0.6330421715037097
TDB06u;1.6;0.0015027707335399643;0.6345449422372497
L3s;1.6;0.0015027707335399643;0.6360477129707897
R1u+;1.6;0.0015027707335399643;0.6375504837043297
ATSC1dv;1.6;0.0015027707335399643;0.6390532544378696
ATSC7c;1.6;0.0015027707335399643;0.6405560251714096
ATSC2i;1.6;0.0015027707335399643;0.6420587959049496
ATSC4dv;1.6;0.0015027707335399643;0.6435615666384896
HATS6p;1.6;0.0015027707335399643;0.6450643373720296
R8u+;1.5999999999999999;0.001502770733539964;0.6465671081055696
Mor04s;1.5999999999999999;0.001502770733539964;0.6480698788391096
AATSC7i;1.5999999999999999;0.001502770733539964;0.6495726495726496
MAXDP;1.5000000000000004;0.0014088475626937169;0.6509814971353434
H7s;1.5000000000000002;0.0014088475626937167;0.6523903446980371
X1A;1.5000000000000002;0.0014088475626937167;0.6537991922607309
G3p;1.5000000000000002;0.0014088475626937167;0.6552080398234247
E3i;1.5000000000000002;0.0014088475626937167;0.6566168873861185
TDB09u;1.5000000000000002;0.0014088475626937167;0.6580257349488122
Mor03m;1.5;0.0014088475626937165;0.659434582511506
SLogP_VSA1;1.5;0.0014088475626937165;0.6608434300741998
FPSA4;1.5;0.0014088475626937165;0.6622522776368935
GATS6se;1.5;0.0014088475626937165;0.6636611251995873
GATS4c;1.5;0.0014088475626937165;0.6650699727622811
Mor28u;1.5;0.0014088475626937165;0.6664788203249749
AATSC2s;1.5;0.0014088475626937165;0.6678876678876686
ATSC1Z;1.5;0.0014088475626937165;0.6692965154503624
ATSC2s;1.5;0.0014088475626937165;0.6707053630130562
ATSC3v;1.5;0.0014088475626937165;0.6721142105757499
Mor26v;1.5;0.0014088475626937165;0.6735230581384437
Mor22u;1.4999999999999998;0.0014088475626937162;0.6749319057011375
AATS3v;1.4000000000000004;0.001314924391847469;0.6762468300929849
GATS2i;1.4000000000000004;0.001314924391847469;0.6775617544848324
Mor13u;1.4000000000000004;0.001314924391847469;0.6788766788766798
GATS7se;1.4000000000000001;0.0013149243918474688;0.6801916032685272
SMR_VSA7;1.4000000000000001;0.0013149243918474688;0.6815065276603747
AATSC7c;1.4000000000000001;0.0013149243918474688;0.6828214520522221
EState_VSA7;1.4000000000000001;0.0013149243918474688;0.6841363764440695
AATSC5d;1.4000000000000001;0.0013149243918474688;0.685451300835917
GATS8c;1.4000000000000001;0.0013149243918474688;0.6867662252277644
D/Dr9;1.4000000000000001;0.0013149243918474688;0.6880811496196119
ATSC3p;1.4000000000000001;0.0013149243918474688;0.6893960740114593
Mor24s;1.4000000000000001;0.0013149243918474688;0.6907109984033067
Mor30u;1.4000000000000001;0.0013149243918474688;0.6920259227951542
AATS8i;1.4000000000000001;0.0013149243918474688;0.6933408471870016
Mor04u;1.4000000000000001;0.0013149243918474688;0.6946557715788491
Mor08u;1.4000000000000001;0.0013149243918474688;0.6959706959706965
Mor10u;1.4000000000000001;0.0013149243918474688;0.6972856203625439
RDF030s;1.4;0.0013149243918474686;0.6986005447543914
AATSC8d;1.4;0.0013149243918474686;0.6999154691462388
GATS7dv;1.4;0.0013149243918474686;0.7012303935380862
Mor29m;1.4;0.0013149243918474686;0.7025453179299337
AATSC4c;1.4;0.0013149243918474686;0.7038602423217811
R6i+;1.4;0.0013149243918474686;0.7051751667136286
AATSC2c;1.4;0.0013149243918474686;0.706490091105476
GATS5v;1.3000000000000003;0.0012210012210012212;0.7077110923264772
H1u;1.3000000000000003;0.0012210012210012212;0.7089320935474784
MATS2s;1.3000000000000003;0.0012210012210012212;0.7101530947684797
nR_3_True_False_False_False;1.3000000000000003;0.0012210012210012212;0.7113740959894809
Mor24m;1.3000000000000003;0.0012210012210012212;0.7125950972104821
ATSC6p;1.3000000000000003;0.0012210012210012212;0.7138160984314833
HATS8e;1.3000000000000003;0.0012210012210012212;0.7150370996524845
JGI3;1.3000000000000003;0.0012210012210012212;0.7162581008734857
Mor21u;1.3;0.001221001221001221;0.717479102094487
R7s;1.3;0.001221001221001221;0.7187001033154882
MATS3Z;1.3;0.001221001221001221;0.7199211045364894
PNSA3;1.3;0.001221001221001221;0.7211421057574906
R4s+;1.3;0.001221001221001221;0.7223631069784918
TI1;1.3;0.001221001221001221;0.723584108199493
GATS8dv;1.3;0.001221001221001221;0.7248051094204943
Mor27m;1.3;0.001221001221001221;0.7260261106414955
SIC0;1.3;0.001221001221001221;0.7272471118624967
AATSC5i;1.3;0.001221001221001221;0.7284681130834979
ATSC8d;1.3;0.001221001221001221;0.7296891143044991
Mor17s;1.3;0.001221001221001221;0.7309101155255003
ATSC7se;1.3;0.001221001221001221;0.7321311167465016
R2p;1.3;0.001221001221001221;0.7333521179675028
H0i;1.3;0.001221001221001221;0.734573119188504
RPCG;1.2999999999999998;0.0012210012210012208;0.7357941204095052
Mor25u;1.2999999999999998;0.0012210012210012208;0.7370151216305064
GATS4p;1.2999999999999998;0.0012210012210012208;0.7382361228515076
AATS4p;1.2000000000000004;0.0011270780501549736;0.7393632009016626
MATS7s;1.2000000000000002;0.0011270780501549734;0.7404902789518176
HATS3u;1.2000000000000002;0.0011270780501549734;0.7416173570019726
AATSC3p;1.2000000000000002;0.0011270780501549734;0.7427444350521276
RNCG;1.2000000000000002;0.0011270780501549734;0.7438715131022826
ATSC7s;1.2000000000000002;0.0011270780501549734;0.7449985911524376
ATSC5Z;1.2000000000000002;0.0011270780501549734;0.7461256692025926
Mor06s;1.2000000000000002;0.0011270780501549734;0.7472527472527476
Mor22v;1.2000000000000002;0.0011270780501549734;0.7483798253029026
ATSC6d;1.2000000000000002;0.0011270780501549734;0.7495069033530576
Mor07u;1.2000000000000002;0.0011270780501549734;0.7506339814032126
ATSC8se;1.2;0.0011270780501549732;0.7517610594533676
ATSC8Z;1.2;0.0011270780501549732;0.7528881375035226
Mor21s;1.2;0.0011270780501549732;0.7540152155536776
GATS2se;1.2;0.0011270780501549732;0.7551422936038326
GATS1dv;1.2;0.0011270780501549732;0.7562693716539876
MATS4p;1.2;0.0011270780501549732;0.7573964497041425
Mor12m;1.2;0.0011270780501549732;0.7585235277542975
ATSC8v;1.2;0.0011270780501549732;0.7596506058044525
MATS3p;1.2;0.0011270780501549732;0.7607776838546075
R7u;1.2;0.0011270780501549732;0.7619047619047625
HATS4s;1.2;0.0011270780501549732;0.7630318399549175
EState_VSA8;1.1;0.0010331548793087255;0.7640649948342263
R8p;1.1;0.0010331548793087255;0.7650981497135351
EEig01d;1.1;0.0010331548793087255;0.7661313045928438
Mor04m;1.1;0.0010331548793087255;0.7671644594721526
R3m+;1.1;0.0010331548793087255;0.7681976143514614
G3e;1.1;0.0010331548793087255;0.7692307692307702
H1s;1.1;0.0010331548793087255;0.7702639241100789
EState_VSA5;1.1;0.0010331548793087255;0.7712970789893877
Mor12v;1.1;0.0010331548793087255;0.7723302338686965
Spherocity;1.1;0.0010331548793087255;0.7733633887480053
GATS7d;1.1;0.0010331548793087255;0.774396543627314
Mor21m;1.1;0.0010331548793087255;0.7754296985066228
C-001;1.1;0.0010331548793087255;0.7764628533859316
ATSC0c;1.1;0.0010331548793087255;0.7774960082652403
MATS4s;1.1;0.0010331548793087255;0.7785291631445491
MATS4c;1.1;0.0010331548793087255;0.7795623180238579
ATSC3Z;1.1;0.0010331548793087255;0.7805954729031667
AATSC8s;1.1;0.0010331548793087255;0.7816286277824754
GATS3se;1.0999999999999999;0.0010331548793087253;0.7826617826617842
ATSC2se;1.0999999999999999;0.0010331548793087253;0.783694937541093
Mor19m;1.0999999999999999;0.0010331548793087253;0.7847280924204018
GATS4Z;1.0999999999999999;0.0010331548793087253;0.7857612472997105
L1v;1.0999999999999999;0.0010331548793087253;0.7867944021790193
RDF040m;1.0999999999999999;0.0010331548793087253;0.7878275570583281
ATSC2c;1.0999999999999999;0.0010331548793087253;0.7888607119376368
H7m;1.0999999999999999;0.0010331548793087253;0.7898938668169456
P2p;1.0999999999999999;0.0010331548793087253;0.7909270216962544
Mor27s;1.0999999999999999;0.0010331548793087253;0.7919601765755632
BELc-1;1.0999999999999999;0.0010331548793087253;0.7929933314548719
AATSC1Z;1.0999999999999999;0.0010331548793087253;0.7940264863341807
R1v+;1.0000000000000002;0.0009392317084624778;0.7949657180426432
Mor20u;1.0000000000000002;0.0009392317084624778;0.7959049497511056
X5A;1.0;0.0009392317084624776;0.796844181459568
MATS5s;1.0;0.0009392317084624776;0.7977834131680305
ISH;1.0;0.0009392317084624776;0.7987226448764929
RDF035m;1.0;0.0009392317084624776;0.7996618765849554
X3solA;1.0;0.0009392317084624776;0.8006011082934178
EState_VSA4;1.0;0.0009392317084624776;0.8015403400018802
Dv;1.0;0.0009392317084624776;0.8024795717103427
HATS3v;1.0;0.0009392317084624776;0.8034188034188051
GATS8se;1.0;0.0009392317084624776;0.8043580351272676
H8s;1.0;0.0009392317084624776;0.80529726683573
ATSC5p;1.0;0.0009392317084624776;0.8062364985441924
AATS4s;1.0;0.0009392317084624776;0.8071757302526549
EEig02d;1.0;0.0009392317084624776;0.8081149619611173
R5e+;1.0;0.0009392317084624776;0.8090541936695798
GATS1i;1.0;0.0009392317084624776;0.8099934253780422
Mor22s;1.0;0.0009392317084624776;0.8109326570865046
GATS3d;1.0;0.0009392317084624776;0.8118718887949671
Mor09s;1.0;0.0009392317084624776;0.8128111205034295
ATSC8dv;1.0;0.0009392317084624776;0.813750352211892
Mor11v;1.0;0.0009392317084624776;0.8146895839203544
AATSC2se;1.0;0.0009392317084624776;0.8156288156288168
Mor23m;1.0;0.0009392317084624776;0.8165680473372793
GATS4d;1.0;0.0009392317084624776;0.8175072790457417
Mor14m;1.0;0.0009392317084624776;0.8184465107542042
Mor09m;1.0;0.0009392317084624776;0.8193857424626666
GATS5c;1.0;0.0009392317084624776;0.820324974171129
F05[O-O];1.0;0.0009392317084624776;0.8212642058795915
GATS5d;1.0;0.0009392317084624776;0.8222034375880539
AATS3p;1.0;0.0009392317084624776;0.8231426692965164
ATSC3se;1.0;0.0009392317084624776;0.8240819010049788
GATS5p;1.0;0.0009392317084624776;0.8250211327134412
AATSC7p;0.9999999999999999;0.0009392317084624776;0.8259603644219037
Mor20m;0.9999999999999999;0.0009392317084624776;0.8268995961303661
Mor23s;0.9999999999999999;0.0009392317084624776;0.8278388278388286
P2v;0.9999999999999999;0.0009392317084624776;0.828778059547291
H-051;0.9999999999999999;0.0009392317084624776;0.8297172912557534
JhetZ;0.9999999999999999;0.0009392317084624776;0.8306565229642159
GATS1se;0.9999999999999999;0.0009392317084624776;0.8315957546726783
MATS1se;0.9999999999999999;0.0009392317084624776;0.8325349863811408
PNSA4;0.9000000000000001;0.00084530853761623;0.833380294918757
GATS3p;0.9000000000000001;0.00084530853761623;0.8342256034563732
X5solA;0.9000000000000001;0.00084530853761623;0.8350709119939894
Mor02s;0.9000000000000001;0.00084530853761623;0.8359162205316056
Mor19s;0.9000000000000001;0.00084530853761623;0.8367615290692219
AATSC3Z;0.9000000000000001;0.00084530853761623;0.8376068376068381
SsssCH;0.9;0.0008453085376162299;0.8384521461444543
AATSC6i;0.9;0.0008453085376162299;0.8392974546820705
AATSC7s;0.9;0.0008453085376162299;0.8401427632196867
MATS5c;0.9;0.0008453085376162299;0.840988071757303
R8m+;0.9;0.0008453085376162299;0.8418333802949192
GATS5s;0.9;0.0008453085376162299;0.8426786888325354
Mor29u;0.9;0.0008453085376162299;0.8435239973701516
C-003;0.9;0.0008453085376162299;0.8443693059077678
MATS8s;0.9;0.0008453085376162299;0.845214614445384
AATSC1v;0.9;0.0008453085376162299;0.8460599229830003
RARS;0.9;0.0008453085376162299;0.8469052315206165
AATSC6dv;0.9;0.0008453085376162299;0.8477505400582327
ATSC5c;0.9;0.0008453085376162299;0.8485958485958489
Mor30s;0.9;0.0008453085376162299;0.8494411571334651
GATS8s;0.9;0.0008453085376162299;0.8502864656710813
H4s;0.9;0.0008453085376162299;0.8511317742086976
AATSC3se;0.8999999999999999;0.0008453085376162298;0.8519770827463138
AATSC3dv;0.8999999999999999;0.0008453085376162298;0.85282239128393
GATS5dv;0.8999999999999999;0.0008453085376162298;0.8536676998215462
GATS1p;0.8999999999999999;0.0008453085376162298;0.8545130083591624
ATSC6Z;0.8999999999999999;0.0008453085376162298;0.8553583168967787
Mor02u;0.8999999999999999;0.0008453085376162298;0.8562036254343949
MATS3c;0.8999999999999999;0.0008453085376162298;0.8570489339720111
EState_VSA6;0.8999999999999999;0.0008453085376162298;0.8578942425096273
HATS8m;0.8999999999999999;0.0008453085376162298;0.8587395510472435
HATS5u;0.8999999999999999;0.0008453085376162298;0.8595848595848598
FNSA1;0.8999999999999999;0.0008453085376162298;0.860430168122476
AATSC0v;0.8;0.0007513853667699821;0.861181553489246
AATSC2d;0.8;0.0007513853667699821;0.861932938856016
HATS1u;0.8;0.0007513853667699821;0.862684324222786
MIC0;0.8;0.0007513853667699821;0.863435709589556
ATSC7d;0.8;0.0007513853667699821;0.864187094956326
R3v+;0.8;0.0007513853667699821;0.864938480323096
ATSC6v;0.8;0.0007513853667699821;0.865689865689866
AATS6s;0.8;0.0007513853667699821;0.8664412510566359
H3s;0.8;0.0007513853667699821;0.8671926364234059
ATSC5d;0.8;0.0007513853667699821;0.8679440217901759
AATSC5c;0.8;0.0007513853667699821;0.8686954071569459
ATSC4i;0.8;0.0007513853667699821;0.8694467925237159
AATSC6s;0.8;0.0007513853667699821;0.8701981778904859
AATSC6d;0.8;0.0007513853667699821;0.8709495632572559
ATSC4p;0.8;0.0007513853667699821;0.8717009486240259
AATSC1dv;0.8;0.0007513853667699821;0.8724523339907959
MATS2se;0.8;0.0007513853667699821;0.8732037193575659
VSA_EState1;0.8;0.0007513853667699821;0.8739551047243359
AATSC8i;0.8;0.0007513853667699821;0.8747064900911059
GATS7i;0.7999999999999999;0.000751385366769982;0.8754578754578759
AATSC5se;0.7999999999999999;0.000751385366769982;0.8762092608246459
Mor31m;0.7999999999999999;0.000751385366769982;0.8769606461914159
AATS8dv;0.7999999999999999;0.000751385366769982;0.8777120315581859
X1vA;0.7999999999999999;0.000751385366769982;0.8784634169249559
Mor10m;0.7999999999999999;0.000751385366769982;0.8792148022917259
GATS6s;0.7999999999999999;0.000751385366769982;0.8799661876584959
GATS5Z;0.7999999999999999;0.000751385366769982;0.8807175730252659
AATS3s;0.7999999999999999;0.000751385366769982;0.8814689583920359
Mor23u;0.7999999999999999;0.000751385366769982;0.8822203437588059
JGI2;0.7000000000000001;0.0006574621959237344;0.8828778059547296
F03[C-N];0.7000000000000001;0.0006574621959237344;0.8835352681506534
nEster;0.7000000000000001;0.0006574621959237344;0.8841927303465772
JGI5;0.7000000000000001;0.0006574621959237344;0.884850192542501
R2m+;0.7000000000000001;0.0006574621959237344;0.8855076547384247
AATSC8c;0.7000000000000001;0.0006574621959237344;0.8861651169343485
GATS5i;0.7000000000000001;0.0006574621959237344;0.8868225791302723
Mor18s;0.7000000000000001;0.0006574621959237344;0.8874800413261961
GATS3Z;0.7000000000000001;0.0006574621959237344;0.8881375035221198
MATS7Z;0.7000000000000001;0.0006574621959237344;0.8887949657180436
HATS7u;0.7000000000000001;0.0006574621959237344;0.8894524279139674
TDB03s;0.7;0.0006574621959237343;0.8901098901098912
GATS5se;0.7;0.0006574621959237343;0.8907673523058149
AATSC8v;0.7;0.0006574621959237343;0.8914248145017387
AATS6i;0.7;0.0006574621959237343;0.8920822766976625
MATS2Z;0.7;0.0006574621959237343;0.8927397388935863
TDB06s;0.7;0.0006574621959237343;0.89339720108951
MATS5Z;0.7;0.0006574621959237343;0.8940546632854338
H8m;0.7;0.0006574621959237343;0.8947121254813576
TDB05v;0.7;0.0006574621959237343;0.8953695876772814
HATS8i;0.7;0.0006574621959237343;0.8960270498732051
TDB08m;0.7;0.0006574621959237343;0.8966845120691289
Mor11u;0.7;0.0006574621959237343;0.8973419742650527
nDouble;0.7;0.0006574621959237343;0.8979994364609765
H8v;0.7;0.0006574621959237343;0.8986568986569002
AATSC4dv;0.7;0.0006574621959237343;0.899314360852824
L2u;0.7;0.0006574621959237343;0.8999718230487478
AATSC7v;0.7;0.0006574621959237343;0.9006292852446716
SLogP_VSA2;0.7;0.0006574621959237343;0.9012867474405953
SLogP_VSA3;0.7;0.0006574621959237343;0.9019442096365191
HATS4u;0.7;0.0006574621959237343;0.9026016718324429
HATS6m;0.7;0.0006574621959237343;0.9032591340283667
ATSC7dv;0.7;0.0006574621959237343;0.9039165962242904
AATS5se;0.7;0.0006574621959237343;0.9045740584202142
De;0.7;0.0006574621959237343;0.905231520616138
AATSC6c;0.7;0.0006574621959237343;0.9058889828120618
VSA_EState7;0.7;0.0006574621959237343;0.9065464450079855
VSA_EState9;0.7;0.0006574621959237343;0.9072039072039093
D/Dr7;0.7;0.0006574621959237343;0.9078613693998331
PW3;0.7;0.0006574621959237343;0.9085188315957569
N-066;0.7;0.0006574621959237343;0.9091762937916806
Mor07s;0.7;0.0006574621959237343;0.9098337559876044
JGI4;0.7;0.0006574621959237343;0.9104912181835282
AATS0v;0.7;0.0006574621959237343;0.911148680379452
Mor02m;0.7;0.0006574621959237343;0.9118061425753757
Mor17m;0.7;0.0006574621959237343;0.9124636047712995
NaasC;0.7;0.0006574621959237343;0.9131210669672233
HATS6e;0.7;0.0006574621959237343;0.9137785291631471
Mor26u;0.7;0.0006574621959237343;0.9144359913590708
Mor15u;0.7;0.0006574621959237343;0.9150934535549946
X2solA;0.7;0.0006574621959237343;0.9157509157509184
HATSv;0.7;0.0006574621959237343;0.9164083779468422
R7e+;0.7;0.0006574621959237343;0.9170658401427659
GATS2dv;0.6000000000000001;0.0005635390250774867;0.9176293791678434
ATSC5v;0.6000000000000001;0.0005635390250774867;0.9181929181929208
GATS3dv;0.6000000000000001;0.0005635390250774867;0.9187564572179983
Mor14u;0.6000000000000001;0.0005635390250774867;0.9193199962430757
HATSi;0.6000000000000001;0.0005635390250774867;0.9198835352681531
HATS7p;0.6000000000000001;0.0005635390250774867;0.9204470742932306
O-058;0.6000000000000001;0.0005635390250774867;0.921010613318308
GATS6d;0.6000000000000001;0.0005635390250774867;0.9215741523433855
ATSC2dv;0.6000000000000001;0.0005635390250774867;0.9221376913684629
R7s+;0.6000000000000001;0.0005635390250774867;0.9227012303935404
nN;0.6000000000000001;0.0005635390250774867;0.9232647694186178
R5u;0.6000000000000001;0.0005635390250774867;0.9238283084436952
JGI1;0.6000000000000001;0.0005635390250774867;0.9243918474687727
AATS7dv;0.6000000000000001;0.0005635390250774867;0.9249553864938501
AATS6Z;0.6000000000000001;0.0005635390250774867;0.9255189255189276
H0p;0.6000000000000001;0.0005635390250774867;0.926082464544005
HATS1v;0.6000000000000001;0.0005635390250774867;0.9266460035690824
Gm;0.6000000000000001;0.0005635390250774867;0.9272095425941599
TDB09m;0.6;0.0005635390250774866;0.9277730816192373
AATSC5dv;0.6;0.0005635390250774866;0.9283366206443148
AATSC8se;0.6;0.0005635390250774866;0.9289001596693922
C-019;0.6;0.0005635390250774866;0.9294636986944697
ATSC4s;0.6;0.0005635390250774866;0.9300272377195471
HATS3s;0.6;0.0005635390250774866;0.9305907767446245
HATS6i;0.6;0.0005635390250774866;0.931154315769702
R6s+;0.6;0.0005635390250774866;0.9317178547947794
AATSC4s;0.6;0.0005635390250774866;0.9322813938198569
AATSC2i;0.6;0.0005635390250774866;0.9328449328449343
SMR_VSA10;0.6;0.0005635390250774866;0.9334084718700117
AATSC7se;0.6;0.0005635390250774866;0.9339720108950892
AATSC2Z;0.6;0.0005635390250774866;0.9345355499201666
SssCH2;0.6;0.0005635390250774866;0.9350990889452441
AATSC2p;0.6;0.0005635390250774866;0.9356626279703215
IC0;0.6;0.0005635390250774866;0.936226166995399
MATS6s;0.6;0.0005635390250774866;0.9367897060204764
R4u;0.5;0.0004696158542312388;0.9372593218747076
GATS3v;0.5;0.0004696158542312388;0.9377289377289388
GATS1d;0.5;0.0004696158542312388;0.9381985535831701
R1p+;0.5;0.0004696158542312388;0.9386681694374013
R2s;0.5;0.0004696158542312388;0.9391377852916325
SIC1;0.5;0.0004696158542312388;0.9396074011458637
AATSC2v;0.5;0.0004696158542312388;0.9400770170000949
AATSC2dv;0.5;0.0004696158542312388;0.9405466328543262
DPSA1;0.5;0.0004696158542312388;0.9410162487085574
R6e+;0.5;0.0004696158542312388;0.9414858645627886
FNSA3;0.5;0.0004696158542312388;0.9419554804170198
AATSC4v;0.5;0.0004696158542312388;0.942425096271251
WPSA1;0.5;0.0004696158542312388;0.9428947121254823
MIC1;0.5;0.0004696158542312388;0.9433643279797135
AATSC5s;0.5;0.0004696158542312388;0.9438339438339447
MATS5p;0.5;0.0004696158542312388;0.9443035596881759
R5m+;0.5;0.0004696158542312388;0.9447731755424071
AATSC3v;0.5;0.0004696158542312388;0.9452427913966384
R3m;0.5;0.0004696158542312388;0.9457124072508696
AATSC4d;0.5;0.0004696158542312388;0.9461820231051008
GATS7s;0.5;0.0004696158542312388;0.946651638959332
X0vA;0.5;0.0004696158542312388;0.9471212548135632
AATS6v;0.5;0.0004696158542312388;0.9475908706677945
HATS7i;0.5;0.0004696158542312388;0.9480604865220257
X4solA;0.5;0.0004696158542312388;0.9485301023762569
H1m;0.5;0.0004696158542312388;0.9489997182304881
TDB05u;0.5;0.0004696158542312388;0.9494693340847193
nMultiple;0.5;0.0004696158542312388;0.9499389499389506
TDB06m;0.5;0.0004696158542312388;0.9504085657931818
TDB05s;0.5;0.0004696158542312388;0.950878181647413
TDB09s;0.5;0.0004696158542312388;0.9513477975016442
SMR_VSA6;0.5;0.0004696158542312388;0.9518174133558754
Mor12u;0.5;0.0004696158542312388;0.9522870292101067
AATS1p;0.5;0.0004696158542312388;0.9527566450643379
F06[O-O];0.5;0.0004696158542312388;0.9532262609185691
Mor31u;0.5;0.0004696158542312388;0.9536958767728003
AATS0d;0.5;0.0004696158542312388;0.9541654926270315
Mor20s;0.5;0.0004696158542312388;0.9546351084812628
PW2;0.5;0.0004696158542312388;0.955104724335494
H-052;0.5;0.0004696158542312388;0.9555743401897252
AATSC7dv;0.5;0.0004696158542312388;0.9560439560439564
AATS7Z;0.5;0.0004696158542312388;0.9565135718981876
X3A;0.5;0.0004696158542312388;0.9569831877524189
HATS7m;0.5;0.0004696158542312388;0.9574528036066501
ATSC4Z;0.5;0.0004696158542312388;0.9579224194608813
HATS8v;0.5;0.0004696158542312388;0.9583920353151125
H0e;0.5;0.0004696158542312388;0.9588616511693437
REIG;0.4;0.00037569268338499107;0.9592373438527287
HATS7e;0.4;0.00037569268338499107;0.9596130365361137
R3u;0.4;0.00037569268338499107;0.9599887292194987
HATS6v;0.4;0.00037569268338499107;0.9603644219028837
C-008;0.4;0.00037569268338499107;0.9607401145862687
MATS6Z;0.4;0.00037569268338499107;0.9611158072696537
ATSC7Z;0.4;0.00037569268338499107;0.9614914999530387
AATS5v;0.4;0.00037569268338499107;0.9618671926364237
nPyridine;0.4;0.00037569268338499107;0.9622428853198087
X0A;0.4;0.00037569268338499107;0.9626185780031937
JGT10;0.4;0.00037569268338499107;0.9629942706865787
AATSC0c;0.4;0.00037569268338499107;0.9633699633699637
AATSC0i;0.4;0.00037569268338499107;0.9637456560533487
PJI2;0.4;0.00037569268338499107;0.9641213487367337
AATSC5p;0.4;0.00037569268338499107;0.9644970414201187
AATSC6v;0.4;0.00037569268338499107;0.9648727341035037
H-054;0.4;0.00037569268338499107;0.9652484267868887
GATS1Z;0.4;0.00037569268338499107;0.9656241194702737
H-047;0.4;0.00037569268338499107;0.9659998121536587
H-053;0.4;0.00037569268338499107;0.9663755048370437
R5s+;0.4;0.00037569268338499107;0.9667511975204287
AATSC1d;0.4;0.00037569268338499107;0.9671268902038137
C-004;0.4;0.00037569268338499107;0.9675025828871987
H-050;0.4;0.00037569268338499107;0.9678782755705837
AATS6se;0.4;0.00037569268338499107;0.9682539682539687
ATSC2d;0.4;0.00037569268338499107;0.9686296609373537
MATS4Z;0.4;0.00037569268338499107;0.9690053536207387
TDB10s;0.4;0.00037569268338499107;0.9693810463041237
SMR_VSA9;0.4;0.00037569268338499107;0.9697567389875087
R1m+;0.4;0.00037569268338499107;0.9701324316708937
R5u+;0.4;0.00037569268338499107;0.9705081243542787
TDB05m;0.4;0.00037569268338499107;0.9708838170376637
TI2;0.4;0.00037569268338499107;0.9712595097210487
ATSC3c;0.4;0.00037569268338499107;0.9716352024044337
HATS5s;0.4;0.00037569268338499107;0.9720108950878187
AATSC4p;0.4;0.00037569268338499107;0.9723865877712037
ATSC6c;0.4;0.00037569268338499107;0.9727622804545887
GATS6dv;0.4;0.00037569268338499107;0.9731379731379737
HATS8u;0.4;0.00037569268338499107;0.9735136658213587
ATSC1se;0.4;0.00037569268338499107;0.9738893585047437
C-002;0.4;0.00037569268338499107;0.9742650511881287
HATS2s;0.4;0.00037569268338499107;0.9746407438715137
SM1_Z;0.4;0.00037569268338499107;0.9750164365548987
TDB04u;0.30000000000000004;0.00028176951253874335;0.9752982060674374
SaaaC;0.30000000000000004;0.00028176951253874335;0.9755799755799762
O-056;0.30000000000000004;0.00028176951253874335;0.975861745092515
F03[O-O];0.30000000000000004;0.00028176951253874335;0.9761435146050538
SLogP_VSA8;0.30000000000000004;0.00028176951253874335;0.9764252841175926
AATS8Z;0.30000000000000004;0.00028176951253874335;0.9767070536301313
ATSC8i;0.30000000000000004;0.00028176951253874335;0.9769888231426701
TDB01m;0.30000000000000004;0.00028176951253874335;0.9772705926552089
nKetone;0.30000000000000004;0.00028176951253874335;0.9775523621677477
AATS5dv;0.30000000000000004;0.00028176951253874335;0.9778341316802864
C-016;0.30000000000000004;0.00028176951253874335;0.9781159011928252
Mor17u;0.30000000000000004;0.00028176951253874335;0.978397670705364
ATSC3dv;0.30000000000000004;0.00028176951253874335;0.9786794402179028
ATSC6se;0.30000000000000004;0.00028176951253874335;0.9789612097304415
GATS2d;0.30000000000000004;0.00028176951253874335;0.9792429792429803
BELd0;0.30000000000000004;0.00028176951253874335;0.9795247487555191
AATSC6p;0.30000000000000004;0.00028176951253874335;0.9798065182680579
AATSC4Z;0.30000000000000004;0.00028176951253874335;0.9800882877805966
HATS7s;0.30000000000000004;0.00028176951253874335;0.9803700572931354
HATS6s;0.30000000000000004;0.00028176951253874335;0.9806518268056742
AATSC1p;0.30000000000000004;0.00028176951253874335;0.980933596318213
HATS8p;0.30000000000000004;0.00028176951253874335;0.9812153658307518
HATS7v;0.30000000000000004;0.00028176951253874335;0.9814971353432905
nR_5_False_False_False_False;0.30000000000000004;0.00028176951253874335;0.9817789048558293
HATS5m;0.30000000000000004;0.00028176951253874335;0.9820606743683681
R6m+;0.30000000000000004;0.00028176951253874335;0.9823424438809069
HATS1m;0.30000000000000004;0.00028176951253874335;0.9826242133934456
AATSC7d;0.30000000000000004;0.00028176951253874335;0.9829059829059844
GATS4i;0.30000000000000004;0.00028176951253874335;0.9831877524185232
HATS6u;0.30000000000000004;0.00028176951253874335;0.983469521931062
ARR;0.30000000000000004;0.00028176951253874335;0.9837512914436007
MCBO;0.30000000000000004;0.00028176951253874335;0.9840330609561395
GATS6i;0.30000000000000004;0.00028176951253874335;0.9843148304686783
R7u+;0.30000000000000004;0.00028176951253874335;0.9845965999812171
AATSC5Z;0.30000000000000004;0.00028176951253874335;0.9848783694937558
AATSC3s;0.30000000000000004;0.00028176951253874335;0.9851601390062946
AATSC3d;0.30000000000000004;0.00028176951253874335;0.9854419085188334
AATSC3c;0.30000000000000004;0.00028176951253874335;0.9857236780313722
R8p+;0.30000000000000004;0.00028176951253874335;0.986005447543911
R7v+;0.30000000000000004;0.00028176951253874335;0.9862872170564497
AATSC8Z;0.30000000000000004;0.00028176951253874335;0.9865689865689885
PEOE_VSA12;0.2;0.00018784634169249554;0.986756832910681
C-006;0.2;0.00018784634169249554;0.9869446792523734
B10[O-O];0.2;0.00018784634169249554;0.9871325255940658
F05[C-Cl];0.2;0.00018784634169249554;0.9873203719357583
Mor14s;0.2;0.00018784634169249554;0.9875082182774507
S3K;0.2;0.00018784634169249554;0.9876960646191432
O-060;0.2;0.00018784634169249554;0.9878839109608356
GATS8Z;0.2;0.00018784634169249554;0.988071757302528
NssssC;0.2;0.00018784634169249554;0.9882596036442205
D/Dr5;0.2;0.00018784634169249554;0.9884474499859129
nR_6_True_False_False_True;0.2;0.00018784634169249554;0.9886352963276054
F02[O-O];0.2;0.00018784634169249554;0.9888231426692978
AATS7s;0.2;0.00018784634169249554;0.9890109890109903
C-011;0.2;0.00018784634169249554;0.9891988353526827
B08[C-O];0.2;0.00018784634169249554;0.9893866816943752
AATS5Z;0.2;0.00018784634169249554;0.9895745280360676
PEOE_VSA11;0.2;0.00018784634169249554;0.98976237437776
PEOE_VSA2;0.2;0.00018784634169249554;0.9899502207194525
AATS1Z;0.2;0.00018784634169249554;0.9901380670611449
AATS0p;0.2;0.00018784634169249554;0.9903259134028374
AATS0se;0.2;0.00018784634169249554;0.9905137597445298
AATS0Z;0.2;0.00018784634169249554;0.9907016060862223
EState_VSA9;0.2;0.00018784634169249554;0.9908894524279147
X4A;0.2;0.00018784634169249554;0.9910772987696072
nNH2;0.2;0.00018784634169249554;0.9912651451112996
NaaO;0.2;0.00018784634169249554;0.991452991452992
nNH1;0.2;0.00018784634169249554;0.9916408377946845
C-026;0.2;0.00018784634169249554;0.9918286841363769
nAl_OH;0.2;0.00018784634169249554;0.9920165304780694
TDB04s;0.2;0.00018784634169249554;0.9922043768197618
AATSC1se;0.2;0.00018784634169249554;0.9923922231614543
HATS5v;0.2;0.00018784634169249554;0.9925800695031467
AATSC6se;0.2;0.00018784634169249554;0.9927679158448391
HATS3m;0.2;0.00018784634169249554;0.9929557621865316
HATS0s;0.2;0.00018784634169249554;0.993143608528224
R6u+;0.2;0.00018784634169249554;0.9933314548699165
AATSC7Z;0.2;0.00018784634169249554;0.9935193012116089
GATS6v;0.2;0.00018784634169249554;0.9937071475533014
AATSC0dv;0.2;0.00018784634169249554;0.9938949938949938
R7m+;0.2;0.00018784634169249554;0.9940828402366862
R7i+;0.2;0.00018784634169249554;0.9942706865783787
R4v+;0.2;0.00018784634169249554;0.9944585329200711
R5p+;0.2;0.00018784634169249554;0.9946463792617636
R8i+;0.2;0.00018784634169249554;0.994834225603456
SssssC;0.2;0.00018784634169249554;0.9950220719451485
HATSe;0.2;0.00018784634169249554;0.9952099182868409
GATS2v;0.2;0.00018784634169249554;0.9953977646285334
H0v;0.2;0.00018784634169249554;0.9955856109702258
HATS0p;0.1;9.392317084624777e-05;0.995679534141072
nMethoxy;0.1;9.392317084624777e-05;0.9957734573119182
HATS5p;0.1;9.392317084624777e-05;0.9958673804827645
F07[N-O];0.1;9.392317084624777e-05;0.9959613036536107
C-017;0.1;9.392317084624777e-05;0.9960552268244569
AATS0dv;0.1;9.392317084624777e-05;0.9961491499953031
BELse0;0.1;9.392317084624777e-05;0.9962430731661494
BELi-1;0.1;9.392317084624777e-05;0.9963369963369956
AATS7v;0.1;9.392317084624777e-05;0.9964309195078418
R7p+;0.1;9.392317084624777e-05;0.996524842678688
B09[C-N];0.1;9.392317084624777e-05;0.9966187658495342
B10[C-C];0.1;9.392317084624777e-05;0.9967126890203805
nRCOO;0.1;9.392317084624777e-05;0.9968066121912267
B08[C-N];0.1;9.392317084624777e-05;0.9969005353620729
R6p+;0.1;9.392317084624777e-05;0.9969944585329191
F04[N-O];0.1;9.392317084624777e-05;0.9970883817037653
RTm+;0.1;9.392317084624777e-05;0.9971823048746116
nC_O;0.1;9.392317084624777e-05;0.9972762280454578
R5v+;0.1;9.392317084624777e-05;0.997370151216304
R6v+;0.1;9.392317084624777e-05;0.9974640743871502
F08[C-Cl];0.1;9.392317084624777e-05;0.9975579975579965
B06[C-N];0.1;9.392317084624777e-05;0.9976519207288427
F04[O-O];0.1;9.392317084624777e-05;0.9977458438996889
HATS2m;0.1;9.392317084624777e-05;0.9978397670705351
F03[N-O];0.1;9.392317084624777e-05;0.9979336902413813
nR_5_False_False_None_True;0.1;9.392317084624777e-05;0.9980276134122276
H-049;0.1;9.392317084624777e-05;0.9981215365830738
H-048;0.1;9.392317084624777e-05;0.99821545975392
F06[O-S];0.1;9.392317084624777e-05;0.9983093829247662
nR_3_True_True_False_False;0.1;9.392317084624777e-05;0.9984033060956125
nR_5_False_False_True_True;0.1;9.392317084624777e-05;0.9984972292664587
F07[C-N];0.1;9.392317084624777e-05;0.9985911524373049
AATS7se;0.1;9.392317084624777e-05;0.9986850756081511
NdssC;0.1;9.392317084624777e-05;0.9987789987789973
nByciclic;0.1;9.392317084624777e-05;0.9988729219498436
F06[C-Cl];0.1;9.392317084624777e-05;0.9989668451206898
BELdv0;0.1;9.392317084624777e-05;0.999060768291536
BELc0;0.1;9.392317084624777e-05;0.9991546914623822
B02[N-O];0.1;9.392317084624777e-05;0.9992486146332284
HATS0v;0.1;9.392317084624777e-05;0.9993425378040747
BELs-1;0.1;9.392317084624777e-05;0.9994364609749209
BELs0;0.1;9.392317084624777e-05;0.9995303841457671
nR_10_True_True_None_None;0.1;9.392317084624777e-05;0.9996243073166133
F10[O-O];0.1;9.392317084624777e-05;0.9997182304874596
FNSA4;0.1;9.392317084624777e-05;0.9998121536583058
B04[N-N];0.1;9.392317084624777e-05;0.999906076829152
Br-094;0.0;0.0;0.9999999999999982
Br-095;0.0;0.0;0.9999999999999982
I-099;0.0;0.0;0.9999999999999982
nR_8_True_False_False_False;0.0;0.0;0.9999999999999982
S-106;0.0;0.0;0.9999999999999982
S-107;0.0;0.0;0.9999999999999982
nR_8_False_True_False_True;0.0;0.0;0.9999999999999982
nR_10_True_True_None_True;0.0;0.0;0.9999999999999982
F-084;0.0;0.0;0.9999999999999982
nR_10_True_False_False_False;0.0;0.0;0.9999999999999982
nR_10_False_True_False_True;0.0;0.0;0.9999999999999982
nR_11_False_False_False_False;0.0;0.0;0.9999999999999982
nR_11_False_False_False_None;0.0;0.0;0.9999999999999982
nR_12_True_True_True_False;0.0;0.0;0.9999999999999982
nR_12_True_False_False_False;0.0;0.0;0.9999999999999982
R8v+;0.0;0.0;0.9999999999999982
nR_12_False_True_False_False;0.0;0.0;0.9999999999999982
nR_11_False_False_False_True;0.0;0.0;0.9999999999999982
nR_12_False_True_False_None;0.0;0.0;0.9999999999999982
H0u;0.0;0.0;0.9999999999999982
HATSu;0.0;0.0;0.9999999999999982
AATSC6Z;0.0;0.0;0.9999999999999982
Br-092;0.0;0.0;0.9999999999999982
RTv+;0.0;0.0;0.9999999999999982
RTp+;0.0;0.0;0.9999999999999982
nR_12_False_False_False_True;0.0;0.0;0.9999999999999982
nR_11_False_True_None_None;0.0;0.0;0.9999999999999982
nR_11_False_True_None_False;0.0;0.0;0.9999999999999982
nR_11_False_True_False_None;0.0;0.0;0.9999999999999982
nR_10_False_True_False_False;0.0;0.0;0.9999999999999982
nR_12_False_True_False_True;0.0;0.0;0.9999999999999982
Br-091;0.0;0.0;0.9999999999999982
nR_8_False_False_False_False;0.0;0.0;0.9999999999999982
Cl-089;0.0;0.0;0.9999999999999982
F05[N-O];0.0;0.0;0.9999999999999982
B05[N-O];0.0;0.0;0.9999999999999982
F05[N-N];0.0;0.0;0.9999999999999982
B05[N-N];0.0;0.0;0.9999999999999982
F05[C-Br];0.0;0.0;0.9999999999999982
F05[O-S];0.0;0.0;0.9999999999999982
B01[S-P];0.0;0.0;0.9999999999999982
B01[S-S];0.0;0.0;0.9999999999999982
F01[O-S];0.0;0.0;0.9999999999999982
S-110;0.0;0.0;0.9999999999999982
nR_8_False_False_False_None;0.0;0.0;0.9999999999999982
P-117;0.0;0.0;0.9999999999999982
P-120;0.0;0.0;0.9999999999999982
nR_9_True_False_False_False;0.0;0.0;0.9999999999999982
nR_9_False_True_True_True;0.0;0.0;0.9999999999999982
S-109;0.0;0.0;0.9999999999999982
nR_9_False_True_False_True;0.0;0.0;0.9999999999999982
nR_8_True_False_False_True;0.0;0.0;0.9999999999999982
Cl-088;0.0;0.0;0.9999999999999982
Cl-087;0.0;0.0;0.9999999999999982
Cl-086;0.0;0.0;0.9999999999999982
nR_8_False_False_False_True;0.0;0.0;0.9999999999999982
S-108;0.0;0.0;0.9999999999999982
Cl-090;0.0;0.0;0.9999999999999982
nR_10_False_True_False_None;0.0;0.0;0.9999999999999982
nR_10_True_True_True_True;0.0;0.0;0.9999999999999982
nR_9_False_False_False_None;0.0;0.0;0.9999999999999982
nR_9_False_False_False_False;0.0;0.0;0.9999999999999982
AATS1s;0.0;0.0;0.9999999999999982
nR_9_False_False_False_True;0.0;0.0;0.9999999999999982
nR_9_False_True_None_True;0.0;0.0;0.9999999999999982
nR_9_False_True_False_False;0.0;0.0;0.9999999999999982
nR_10_False_True_None_True;0.0;0.0;0.9999999999999982
D/Dr8;0.0;0.0;0.9999999999999982
nR_10_False_False_False_False;0.0;0.0;0.9999999999999982
B01[N-P];0.0;0.0;0.9999999999999982
B01[N-S];0.0;0.0;0.9999999999999982
B01[N-O];0.0;0.0;0.9999999999999982
F01[N-N];0.0;0.0;0.9999999999999982
B01[N-N];0.0;0.0;0.9999999999999982
B01[C-Br];0.0;0.0;0.9999999999999982
B01[C-Cl];0.0;0.0;0.9999999999999982
B01[C-F];0.0;0.0;0.9999999999999982
B01[C-O];0.0;0.0;0.9999999999999982
B01[C-N];0.0;0.0;0.9999999999999982
B01[C-C];0.0;0.0;0.9999999999999982
nR_3_True_False_True_False;0.0;0.0;0.9999999999999982
C-044;0.0;0.0;0.9999999999999982
B05[N-S];0.0;0.0;0.9999999999999982
F01[N-P];0.0;0.0;0.9999999999999982
nR_4_False_False_False_None;0.0;0.0;0.9999999999999982
N-068;0.0;0.0;0.9999999999999982
N-069;0.0;0.0;0.9999999999999982
nR_7_False_False_False_True;0.0;0.0;0.9999999999999982
N-070;0.0;0.0;0.9999999999999982
nR_7_False_False_False_False;0.0;0.0;0.9999999999999982
N-071;0.0;0.0;0.9999999999999982
N-072;0.0;0.0;0.9999999999999982
N-073;0.0;0.0;0.9999999999999982
N-074;0.0;0.0;0.9999999999999982
nR_7_False_False_False_None;0.0;0.0;0.9999999999999982
N-075;0.0;0.0;0.9999999999999982
N-076;0.0;0.0;0.9999999999999982
N-077;0.0;0.0;0.9999999999999982
N-078;0.0;0.0;0.9999999999999982
nR_5_False_False_True_False;0.0;0.0;0.9999999999999982
B01[N-Cl];0.0;0.0;0.9999999999999982
B01[O-S];0.0;0.0;0.9999999999999982
C-032;0.0;0.0;0.9999999999999982
nR_11_True_True_True_True;0.0;0.0;0.9999999999999982
AATS6dv;0.0;0.0;0.9999999999999982
nR_11_True_True_True_False;0.0;0.0;0.9999999999999982
nR_11_True_True_True_None;0.0;0.0;0.9999999999999982
nR_11_True_True_False_True;0.0;0.0;0.9999999999999982
nR_11_True_True_False_None;0.0;0.0;0.9999999999999982
nR_11_True_False_False_False;0.0;0.0;0.9999999999999982
nR_11_False_True_True_False;0.0;0.0;0.9999999999999982
nR_11_False_True_False_True;0.0;0.0;0.9999999999999982
nR_11_False_True_False_False;0.0;0.0;0.9999999999999982
nR_10_False_True_True_False;0.0;0.0;0.9999999999999982
nR_7_False_False_None_False;0.0;0.0;0.9999999999999982
F-083;0.0;0.0;0.9999999999999982
F-082;0.0;0.0;0.9999999999999982
C-036;0.0;0.0;0.9999999999999982
nR_3_True_False_False_True;0.0;0.0;0.9999999999999982
C-037;0.0;0.0;0.9999999999999982
C-033;0.0;0.0;0.9999999999999982
C-034;0.0;0.0;0.9999999999999982
nR_3_False_False_False_True;0.0;0.0;0.9999999999999982
C-043;0.0;0.0;0.9999999999999982
nR_4_False_False_False_False;0.0;0.0;0.9999999999999982
D/Dr12;0.0;0.0;0.9999999999999982
nR_10_False_True_None_False;0.0;0.0;0.9999999999999982
nR_4_False_False_False_True;0.0;0.0;0.9999999999999982
C-042;0.0;0.0;0.9999999999999982
C-039;0.0;0.0;0.9999999999999982
C-035;0.0;0.0;0.9999999999999982
C-038;0.0;0.0;0.9999999999999982
nR_3_True_False_None_True;0.0;0.0;0.9999999999999982
nR_3_True_False_False_None;0.0;0.0;0.9999999999999982
nR_3_False_False_False_False;0.0;0.0;0.9999999999999982
B05[N-P];0.0;0.0;0.9999999999999982
F05[O-Cl];0.0;0.0;0.9999999999999982
F05[N-F];0.0;0.0;0.9999999999999982
B03[N-Br];0.0;0.0;0.9999999999999982
B02[O-P];0.0;0.0;0.9999999999999982
F02[O-S];0.0;0.0;0.9999999999999982
B02[O-S];0.0;0.0;0.9999999999999982
B02[O-O];0.0;0.0;0.9999999999999982
B02[N-Cl];0.0;0.0;0.9999999999999982
B02[N-P];0.0;0.0;0.9999999999999982
B02[O-F];0.0;0.0;0.9999999999999982
F02[N-S];0.0;0.0;0.9999999999999982
F02[N-O];0.0;0.0;0.9999999999999982
F02[N-N];0.0;0.0;0.9999999999999982
B02[N-N];0.0;0.0;0.9999999999999982
F02[C-S];0.0;0.0;0.9999999999999982
B02[C-O];0.0;0.0;0.9999999999999982
B03[O-O];0.0;0.0;0.9999999999999982
B02[C-C];0.0;0.0;0.9999999999999982
B02[O-Cl];0.0;0.0;0.9999999999999982
B02[S-S];0.0;0.0;0.9999999999999982
B02[S-Cl];0.0;0.0;0.9999999999999982
B03[N-Cl];0.0;0.0;0.9999999999999982
B03[N-F];0.0;0.0;0.9999999999999982
B03[N-P];0.0;0.0;0.9999999999999982
F03[N-S];0.0;0.0;0.9999999999999982
B03[N-S];0.0;0.0;0.9999999999999982
B03[N-O];0.0;0.0;0.9999999999999982
F03[N-N];0.0;0.0;0.9999999999999982
B03[N-N];0.0;0.0;0.9999999999999982
F03[C-P];0.0;0.0;0.9999999999999982
F03[C-S];0.0;0.0;0.9999999999999982
B03[C-O];0.0;0.0;0.9999999999999982
B02[N-S];0.0;0.0;0.9999999999999982
B04[O-F];0.0;0.0;0.9999999999999982
nR_3_True_True_None_None;0.0;0.0;0.9999999999999982
B04[C-P];0.0;0.0;0.9999999999999982
B03[Cl-Cl];0.0;0.0;0.9999999999999982
B03[F-F];0.0;0.0;0.9999999999999982
B03[S-Cl];0.0;0.0;0.9999999999999982
B03[S-P];0.0;0.0;0.9999999999999982
B03[S-S];0.0;0.0;0.9999999999999982
B03[Br-Br];0.0;0.0;0.9999999999999982
B03[O-I];0.0;0.0;0.9999999999999982
F03[O-Cl];0.0;0.0;0.9999999999999982
B03[O-Cl];0.0;0.0;0.9999999999999982
F03[O-F];0.0;0.0;0.9999999999999982
B03[O-F];0.0;0.0;0.9999999999999982
B03[O-P];0.0;0.0;0.9999999999999982
B03[O-S];0.0;0.0;0.9999999999999982
B03[O-Br];0.0;0.0;0.9999999999999982
F03[Br-Br];0.0;0.0;0.9999999999999982
B04[C-C];0.0;0.0;0.9999999999999982
F04[C-S];0.0;0.0;0.9999999999999982
F04[C-P];0.0;0.0;0.9999999999999982
F04[N-N];0.0;0.0;0.9999999999999982
B04[N-O];0.0;0.0;0.9999999999999982
B04[N-S];0.0;0.0;0.9999999999999982
B04[N-P];0.0;0.0;0.9999999999999982
B04[N-F];0.0;0.0;0.9999999999999982
nR_3_True_False_True_True;0.0;0.0;0.9999999999999982
F04[N-F];0.0;0.0;0.9999999999999982
B04[N-Br];0.0;0.0;0.9999999999999982
B04[N-I];0.0;0.0;0.9999999999999982
B04[O-O];0.0;0.0;0.9999999999999982
B04[O-S];0.0;0.0;0.9999999999999982
F04[O-S];0.0;0.0;0.9999999999999982
B04[O-P];0.0;0.0;0.9999999999999982
B04[N-Cl];0.0;0.0;0.9999999999999982
B05[N-F];0.0;0.0;0.9999999999999982
B03[C-C];0.0;0.0;0.9999999999999982
B02[Cl-Cl];0.0;0.0;0.9999999999999982
B06[N-N];0.0;0.0;0.9999999999999982
B06[C-Cl];0.0;0.0;0.9999999999999982
B05[O-F];0.0;0.0;0.9999999999999982
B04[O-Cl];0.0;0.0;0.9999999999999982
B05[O-P];0.0;0.0;0.9999999999999982
B05[O-S];0.0;0.0;0.9999999999999982
B05[C-O];0.0;0.0;0.9999999999999982
B05[C-N];0.0;0.0;0.9999999999999982
B05[C-C];0.0;0.0;0.9999999999999982
B04[Br-Br];0.0;0.0;0.9999999999999982
B04[Cl-Cl];0.0;0.0;0.9999999999999982
B04[F-Br];0.0;0.0;0.9999999999999982
B05[C-S];0.0;0.0;0.9999999999999982
B04[F-F];0.0;0.0;0.9999999999999982
F06[N-N];0.0;0.0;0.9999999999999982
B04[S-Cl];0.0;0.0;0.9999999999999982
B04[S-P];0.0;0.0;0.9999999999999982
B04[S-S];0.0;0.0;0.9999999999999982
B04[O-I];0.0;0.0;0.9999999999999982
B04[O-Br];0.0;0.0;0.9999999999999982
B04[P-Cl];0.0;0.0;0.9999999999999982
F05[C-S];0.0;0.0;0.9999999999999982
F05[C-P];0.0;0.0;0.9999999999999982
B05[C-Br];0.0;0.0;0.9999999999999982
nR_3_True_True_None_True;0.0;0.0;0.9999999999999982
B05[O-O];0.0;0.0;0.9999999999999982
F05[N-Br];0.0;0.0;0.9999999999999982
B05[N-Br];0.0;0.0;0.9999999999999982
F05[N-Cl];0.0;0.0;0.9999999999999982
B05[N-Cl];0.0;0.0;0.9999999999999982
B04[S-F];0.0;0.0;0.9999999999999982
B06[N-O];0.0;0.0;0.9999999999999982
F06[N-O];0.0;0.0;0.9999999999999982
B06[N-S];0.0;0.0;0.9999999999999982
B03[N-I];0.0;0.0;0.9999999999999982
B01[S-F];0.0;0.0;0.9999999999999982
F04[O-F];0.0;0.0;0.9999999999999982
F04[O-Cl];0.0;0.0;0.9999999999999982
B06[C-S];0.0;0.0;0.9999999999999982
B06[C-O];0.0;0.0;0.9999999999999982
B06[C-C];0.0;0.0;0.9999999999999982
F05[Cl-Cl];0.0;0.0;0.9999999999999982
B05[Cl-Cl];0.0;0.0;0.9999999999999982
B05[F-F];0.0;0.0;0.9999999999999982
F06[C-S];0.0;0.0;0.9999999999999982
B05[P-Cl];0.0;0.0;0.9999999999999982
B05[S-P];0.0;0.0;0.9999999999999982
B05[S-S];0.0;0.0;0.9999999999999982
B05[O-I];0.0;0.0;0.9999999999999982
B05[O-Br];0.0;0.0;0.9999999999999982
F-081;0.0;0.0;0.9999999999999982
F06[N-S];0.0;0.0;0.9999999999999982
B06[N-P];0.0;0.0;0.9999999999999982
B06[N-F];0.0;0.0;0.9999999999999982
B06[N-Cl];0.0;0.0;0.9999999999999982
B06[N-I];0.0;0.0;0.9999999999999982
B06[O-O];0.0;0.0;0.9999999999999982
F02[Cl-Cl];0.0;0.0;0.9999999999999982
nR_3_True_True_False_None;0.0;0.0;0.9999999999999982
B06[O-P];0.0;0.0;0.9999999999999982
F06[C-F];0.0;0.0;0.9999999999999982
F06[C-P];0.0;0.0;0.9999999999999982
B06[C-P];0.0;0.0;0.9999999999999982
B05[S-Cl];0.0;0.0;0.9999999999999982
F05[O-F];0.0;0.0;0.9999999999999982
B06[O-S];0.0;0.0;0.9999999999999982
N-067;0.0;0.0;0.9999999999999982
nLactone;0.0;0.0;0.9999999999999982
nR_7_False_True_False_None;0.0;0.0;0.9999999999999982
B08[O-F];0.0;0.0;0.9999999999999982
B08[O-P];0.0;0.0;0.9999999999999982
F08[O-S];0.0;0.0;0.9999999999999982
B08[O-S];0.0;0.0;0.9999999999999982
B08[O-O];0.0;0.0;0.9999999999999982
B07[O-Cl];0.0;0.0;0.9999999999999982
B08[N-Br];0.0;0.0;0.9999999999999982
B08[N-F];0.0;0.0;0.9999999999999982
B08[N-P];0.0;0.0;0.9999999999999982
B08[N-S];0.0;0.0;0.9999999999999982
F08[N-O];0.0;0.0;0.9999999999999982
B08[N-O];0.0;0.0;0.9999999999999982
F08[N-N];0.0;0.0;0.9999999999999982
B08[N-Cl];0.0;0.0;0.9999999999999982
B08[O-Cl];0.0;0.0;0.9999999999999982
F10[C-P];0.0;0.0;0.9999999999999982
B07[O-P];0.0;0.0;0.9999999999999982
F07[C-S];0.0;0.0;0.9999999999999982
B07[C-S];0.0;0.0;0.9999999999999982
B07[C-O];0.0;0.0;0.9999999999999982
B07[C-N];0.0;0.0;0.9999999999999982
B07[C-C];0.0;0.0;0.9999999999999982
F06[Cl-Cl];0.0;0.0;0.9999999999999982
B07[C-P];0.0;0.0;0.9999999999999982
B06[Cl-Cl];0.0;0.0;0.9999999999999982
F06[S-Cl];0.0;0.0;0.9999999999999982
B06[S-Cl];0.0;0.0;0.9999999999999982
B06[S-F];0.0;0.0;0.9999999999999982
B06[S-P];0.0;0.0;0.9999999999999982
B06[S-S];0.0;0.0;0.9999999999999982
B07[O-F];0.0;0.0;0.9999999999999982
B08[N-N];0.0;0.0;0.9999999999999982
B08[C-Cl];0.0;0.0;0.9999999999999982
F08[C-F];0.0;0.0;0.9999999999999982
C-030;0.0;0.0;0.9999999999999982
C-029;0.0;0.0;0.9999999999999982
C-028;0.0;0.0;0.9999999999999982
C-027;0.0;0.0;0.9999999999999982
SMR_VSA2;0.0;0.0;0.9999999999999982
SMR_VSA4;0.0;0.0;0.9999999999999982
nR_3_True_True_True_True;0.0;0.0;0.9999999999999982
C-024;0.0;0.0;0.9999999999999982
RBN;0.0;0.0;0.9999999999999982
nBR;0.0;0.0;0.9999999999999982
C-023;0.0;0.0;0.9999999999999982
nCL;0.0;0.0;0.9999999999999982
nF;0.0;0.0;0.9999999999999982
PEOE_VSA4;0.0;0.0;0.9999999999999982
B10[C-F];0.0;0.0;0.9999999999999982
nAlkHal;0.0;0.0;0.9999999999999982
B10[C-P];0.0;0.0;0.9999999999999982
B08[C-F];0.0;0.0;0.9999999999999982
F08[C-P];0.0;0.0;0.9999999999999982
B08[C-P];0.0;0.0;0.9999999999999982
F08[C-S];0.0;0.0;0.9999999999999982
B08[C-S];0.0;0.0;0.9999999999999982
B08[C-C];0.0;0.0;0.9999999999999982
B06[O-I];0.0;0.0;0.9999999999999982
F07[Cl-Cl];0.0;0.0;0.9999999999999982
B07[F-Cl];0.0;0.0;0.9999999999999982
B07[F-F];0.0;0.0;0.9999999999999982
B07[S-Cl];0.0;0.0;0.9999999999999982
B07[S-S];0.0;0.0;0.9999999999999982
B07[O-Br];0.0;0.0;0.9999999999999982
F07[O-Cl];0.0;0.0;0.9999999999999982
B07[Cl-Cl];0.0;0.0;0.9999999999999982
PEOE_VSA5;0.0;0.0;0.9999999999999982
B06[F-Cl];0.0;0.0;0.9999999999999982
F07[C-F];0.0;0.0;0.9999999999999982
B09[O-F];0.0;0.0;0.9999999999999982
F09[O-F];0.0;0.0;0.9999999999999982
B09[O-Cl];0.0;0.0;0.9999999999999982
F09[O-Cl];0.0;0.0;0.9999999999999982
B09[O-Br];0.0;0.0;0.9999999999999982
B09[O-I];0.0;0.0;0.9999999999999982
B09[S-S];0.0;0.0;0.9999999999999982
B09[S-F];0.0;0.0;0.9999999999999982
B09[S-Cl];0.0;0.0;0.9999999999999982
B10[C-O];0.0;0.0;0.9999999999999982
B09[P-F];0.0;0.0;0.9999999999999982
B09[Cl-Cl];0.0;0.0;0.9999999999999982
B10[C-N];0.0;0.0;0.9999999999999982
B09[C-Cl];0.0;0.0;0.9999999999999982
F09[O-S];0.0;0.0;0.9999999999999982
F09[C-F];0.0;0.0;0.9999999999999982
B09[C-O];0.0;0.0;0.9999999999999982
B08[F-Cl];0.0;0.0;0.9999999999999982
B08[P-Cl];0.0;0.0;0.9999999999999982
F10[C-S];0.0;0.0;0.9999999999999982
B09[C-F];0.0;0.0;0.9999999999999982
B09[C-C];0.0;0.0;0.9999999999999982
F09[C-P];0.0;0.0;0.9999999999999982
B08[Cl-Cl];0.0;0.0;0.9999999999999982
B09[C-S];0.0;0.0;0.9999999999999982
F09[C-S];0.0;0.0;0.9999999999999982
B08[S-Cl];0.0;0.0;0.9999999999999982
F08[Cl-Cl];0.0;0.0;0.9999999999999982
B09[C-P];0.0;0.0;0.9999999999999982
BELdv-1;0.1;9.392317084624777e-05;0.9999999999999982
B09[N-F];0.0;0.0;0.9999999999999982
B09[O-S];0.0;0.0;0.9999999999999982
B10[C-S];0.0;0.0;0.9999999999999982
F09[O-O];0.0;0.0;0.9999999999999982
F07[C-Cl];0.0;0.0;0.9999999999999982
F07[O-S];0.0;0.0;0.9999999999999982
B07[O-S];0.0;0.0;0.9999999999999982
F07[O-O];0.0;0.0;0.9999999999999982
B07[O-O];0.0;0.0;0.9999999999999982
B07[N-Br];0.0;0.0;0.9999999999999982
F07[N-Cl];0.0;0.0;0.9999999999999982
B07[C-Cl];0.0;0.0;0.9999999999999982
B07[N-Cl];0.0;0.0;0.9999999999999982
B07[N-P];0.0;0.0;0.9999999999999982
F07[N-S];0.0;0.0;0.9999999999999982
B07[N-S];0.0;0.0;0.9999999999999982
B07[N-O];0.0;0.0;0.9999999999999982
F07[N-N];0.0;0.0;0.9999999999999982
B07[N-N];0.0;0.0;0.9999999999999982
B07[N-F];0.0;0.0;0.9999999999999982
B08[S-S];0.0;0.0;0.9999999999999982
B09[O-O];0.0;0.0;0.9999999999999982
B09[N-Br];0.0;0.0;0.9999999999999982
B09[N-Cl];0.0;0.0;0.9999999999999982
F09[N-F];0.0;0.0;0.9999999999999982
F09[N-S];0.0;0.0;0.9999999999999982
B09[N-S];0.0;0.0;0.9999999999999982
B08[O-Br];0.0;0.0;0.9999999999999982
F09[N-O];0.0;0.0;0.9999999999999982
F09[N-N];0.0;0.0;0.9999999999999982
B09[N-N];0.0;0.0;0.9999999999999982
B09[C-Br];0.0;0.0;0.9999999999999982
F09[C-Cl];0.0;0.0;0.9999999999999982
B08[S-F];0.0;0.0;0.9999999999999982
F07[O-F];0.0;0.0;0.9999999999999982
B09[N-O];0.0;0.0;0.9999999999999982
B06[O-F];0.0;0.0;0.9999999999999982
PEOE_VSA3;0.0;0.0;0.9999999999999982
nUrea;0.0;0.0;0.9999999999999982
nBezodiazepine;0.0;0.0;0.9999999999999982
nDihydPyr;0.0;0.0;0.9999999999999982
nEther;0.0;0.0;0.9999999999999982
nFuran;0.0;0.0;0.9999999999999982
nGuanido;0.0;0.0;0.9999999999999982
nHal;0.0;0.0;0.9999999999999982
nHdrzine;0.0;0.0;0.9999999999999982
nHdrzone;0.0;0.0;0.9999999999999982
nImidazoles;0.0;0.0;0.9999999999999982
nImide;0.0;0.0;0.9999999999999982
nIsothiocyan;0.0;0.0;0.9999999999999982
nR_3_True_True_False_True;0.0;0.0;0.9999999999999982
nKetone_TL;0.0;0.0;0.9999999999999982
F03[Cl-Cl];0.0;0.0;0.9999999999999982
nBarb;0.0;0.0;0.9999999999999982
nImine;0.0;0.0;0.9999999999999982
nC_S;0.0;0.0;0.9999999999999982
nCOO;0.0;0.0;0.9999999999999982
B10[C-Cl];0.0;0.0;0.9999999999999982
F10[C-Cl];0.0;0.0;0.9999999999999982
B10[C-Br];0.0;0.0;0.9999999999999982
B10[N-N];0.0;0.0;0.9999999999999982
F10[N-N];0.0;0.0;0.9999999999999982
B10[N-O];0.0;0.0;0.9999999999999982
F10[N-O];0.0;0.0;0.9999999999999982
B10[N-S];0.0;0.0;0.9999999999999982
F10[N-S];0.0;0.0;0.9999999999999982
B10[N-P];0.0;0.0;0.9999999999999982
B10[N-F];0.0;0.0;0.9999999999999982
F10[N-F];0.0;0.0;0.9999999999999982
nHOCCN;0.0;0.0;0.9999999999999982
nAzo;0.0;0.0;0.9999999999999982
nAzide;0.0;0.0;0.9999999999999982
nArylMet;0.0;0.0;0.9999999999999982
O-062;0.0;0.0;0.9999999999999982
nR_5_False_False_False_True;0.0;0.0;0.9999999999999982
nR_5_False_False_False_None;0.0;0.0;0.9999999999999982
nR_5_False_False_None_None;0.0;0.0;0.9999999999999982
nR_6_True_False_True_True;0.0;0.0;0.9999999999999982
H-055;0.0;0.0;0.9999999999999982
nR_6_True_False_None_True;0.0;0.0;0.9999999999999982
nR_7_True_False_True_True;0.0;0.0;0.9999999999999982
nR_7_True_False_True_False;0.0;0.0;0.9999999999999982
O-059;0.0;0.0;0.9999999999999982
nR_7_True_False_False_True;0.0;0.0;0.9999999999999982
nR_7_True_False_False_False;0.0;0.0;0.9999999999999982
nR_7_True_False_None_False;0.0;0.0;0.9999999999999982
nR_7_False_True_False_True;0.0;0.0;0.9999999999999982
nR_7_False_True_False_False;0.0;0.0;0.9999999999999982
O-061;0.0;0.0;0.9999999999999982
O-063;0.0;0.0;0.9999999999999982
nAniline;0.0;0.0;0.9999999999999982
nAmidine;0.0;0.0;0.9999999999999982
nAmide;0.0;0.0;0.9999999999999982
C-031;0.0;0.0;0.9999999999999982
B06[O-Cl];0.0;0.0;0.9999999999999982
nAlkCarb;0.0;0.0;0.9999999999999982
B10[N-Cl];0.0;0.0;0.9999999999999982
nAldh;0.0;0.0;0.9999999999999982
nXCCNR;0.0;0.0;0.9999999999999982
n_N_O;0.0;0.0;0.9999999999999982
nNH0;0.0;0.0;0.9999999999999982
F06[O-Cl];0.0;0.0;0.9999999999999982
B05[O-Cl];0.0;0.0;0.9999999999999982
F06[O-F];0.0;0.0;0.9999999999999982
nTert_N;0.0;0.0;0.9999999999999982
nS;0.0;0.0;0.9999999999999982
B10[O-S];0.0;0.0;0.9999999999999982
F10[O-S];0.0;0.0;0.9999999999999982
NsNH3;0.0;0.0;0.9999999999999982
NssNH2;0.0;0.0;0.9999999999999982
NdNH;0.0;0.0;0.9999999999999982
NsssNH;0.0;0.0;0.9999999999999982
NdsN;0.0;0.0;0.9999999999999982
NaasN;0.0;0.0;0.9999999999999982
NssssN;0.0;0.0;0.9999999999999982
NdS;0.0;0.0;0.9999999999999982
NssS;0.0;0.0;0.9999999999999982
NaaS;0.0;0.0;0.9999999999999982
NdssS;0.0;0.0;0.9999999999999982
MATS6p;0.0;0.0;0.9999999999999982
SsssNH;0.0;0.0;0.9999999999999982
C-005;0.0;0.0;0.9999999999999982
NaaaC;0.0;0.0;0.9999999999999982
F10[C-F];0.0;0.0;0.9999999999999982
C-022;0.0;0.0;0.9999999999999982
nOxazole;0.0;0.0;0.9999999999999982
nOxime;0.0;0.0;0.9999999999999982
nParaHyd;0.0;0.0;0.9999999999999982
nPhosAcid;0.0;0.0;0.9999999999999982
nPiperdine;0.0;0.0;0.9999999999999982
nPiperzine;0.0;0.0;0.9999999999999982
nPriamide;0.0;0.0;0.9999999999999982
nR_3_True_True_True_False;0.0;0.0;0.9999999999999982
nQuatN;0.0;0.0;0.9999999999999982
nSulfide;0.0;0.0;0.9999999999999982
nTetrazone;0.0;0.0;0.9999999999999982
nThiazole;0.0;0.0;0.9999999999999982
nThiophene;0.0;0.0;0.9999999999999982
SLogP_VSA10;0.0;0.0;0.9999999999999982
C-007;0.0;0.0;0.9999999999999982
SLogP_VSA12;0.0;0.0;0.9999999999999982
C-009;0.0;0.0;0.9999999999999982
F10[O-F];0.0;0.0;0.9999999999999982
B10[O-Cl];0.0;0.0;0.9999999999999982
F10[O-Cl];0.0;0.0;0.9999999999999982
B10[O-Br];0.0;0.0;0.9999999999999982
B10[S-S];0.0;0.0;0.9999999999999982
B10[S-Cl];0.0;0.0;0.9999999999999982
B10[F-F];0.0;0.0;0.9999999999999982
B10[Cl-Cl];0.0;0.0;0.9999999999999982
SRW05;0.0;0.0;0.9999999999999982
nAl_OH_noTert;0.0;0.0;0.9999999999999982
nArN;0.0;0.0;0.9999999999999982
nArCOO;0.0;0.0;0.9999999999999982
nAr_N;0.0;0.0;0.9999999999999982
nAr_NH;0.0;0.0;0.9999999999999982
B10[O-F];0.0;0.0;0.9999999999999982
nNitrile;0.0;0.0;0.9999999999999982
nArNitro;0.0;0.0;0.9999999999999982
C-010;0.0;0.0;0.9999999999999982
BELd-1;0.0;0.0;0.9999999999999982
C-012;0.0;0.0;0.9999999999999982
C-013;0.0;0.0;0.9999999999999982
C-014;0.0;0.0;0.9999999999999982
BELZ0;0.0;0.0;0.9999999999999982
nMorpholine;0.0;0.0;0.9999999999999982
C-015;0.0;0.0;0.9999999999999982
BELv-1;0.0;0.0;0.9999999999999982
EState_VSA11;0.0;0.0;0.9999999999999982
C-018;0.0;0.0;0.9999999999999982
C-020;0.0;0.0;0.9999999999999982
C-021;0.0;0.0;0.9999999999999982
nNitroso;0.0;0.0;0.9999999999999982
BELZ-1;0.0;0.0;0.9999999999999982
D/Dr11;0.0;0.0;0.9999999999999982
